# --------------------------------------------------------
# Host:                         phoenixooo.cafe24.com
# Server version:               5.5.17-log
# Server OS:                    Linux
# HeidiSQL version:             6.0.0.3603
# Date/time:                    2016-08-05 15:59:42
# --------------------------------------------------------

/*!40101 SET @OLD_CHARACTER_SET_CLIENT=@@CHARACTER_SET_CLIENT */;
/*!40101 SET NAMES utf8 */;
/*!40014 SET @OLD_FOREIGN_KEY_CHECKS=@@FOREIGN_KEY_CHECKS, FOREIGN_KEY_CHECKS=0 */;
/*!40101 SET @OLD_SQL_MODE=@@SQL_MODE, SQL_MODE='NO_AUTO_VALUE_ON_ZERO' */;

# Dumping database structure for phoenixooo
CREATE DATABASE IF NOT EXISTS `phoenixooo` /*!40100 DEFAULT CHARACTER SET utf8 */;
USE `phoenixooo`;


# Dumping structure for table phoenixooo.COM_ARTICLE_RECOMMEND_TB
CREATE TABLE IF NOT EXISTS `COM_ARTICLE_RECOMMEND_TB` (
  `ARTICLE_RECOMMEND_CD` varchar(45) NOT NULL,
  `USER_CD` varchar(45) NOT NULL,
  `ARTICLE_CD` varchar(45) NOT NULL,
  `ARTICLE_RECOMMEND_DT` datetime NOT NULL,
  `ARTICLE_RECOMMEND_IP` varchar(45) NOT NULL,
  PRIMARY KEY (`ARTICLE_RECOMMEND_CD`)
) ENGINE=MyISAM DEFAULT CHARSET=utf8 COMMENT='게시글추천\n\n';

# Dumping data for table phoenixooo.COM_ARTICLE_RECOMMEND_TB: 3 rows
/*!40000 ALTER TABLE `COM_ARTICLE_RECOMMEND_TB` DISABLE KEYS */;
INSERT INTO `COM_ARTICLE_RECOMMEND_TB` (`ARTICLE_RECOMMEND_CD`, `USER_CD`, `ARTICLE_CD`, `ARTICLE_RECOMMEND_DT`, `ARTICLE_RECOMMEND_IP`) VALUES
	('COM_ARTICLE_RECOMMEND_1', 'COM_USER_77', 'COM_ARTICLE_3', '2016-07-22 14:51:50', '222.333.444.111'),
	('COM_ARTICLE_RECOMMEND_2', 'COM_USER_100', 'COM_ARTICLE_2', '2016-07-22 14:55:53', '555.444.333.222'),
	('COM_ARTICLE_RECOMMEND_3', 'COM_USER_45', 'COM_ARTICLE_2', '2016-07-22 14:56:04', '111.444.333.222');
/*!40000 ALTER TABLE `COM_ARTICLE_RECOMMEND_TB` ENABLE KEYS */;


# Dumping structure for table phoenixooo.COM_ARTICLE_TB
CREATE TABLE IF NOT EXISTS `COM_ARTICLE_TB` (
  `ARTICLE_CD` varchar(45) NOT NULL,
  `USER_CD` varchar(45) NOT NULL,
  `BOARDGROUP_CD` varchar(45) NOT NULL,
  `ARTICLE_NM` varchar(45) NOT NULL,
  `ARTICLE_CTT` text NOT NULL,
  `ARTICLE_DT` datetime NOT NULL,
  `ARTICLE_IP` varchar(45) NOT NULL,
  PRIMARY KEY (`ARTICLE_CD`)
) ENGINE=MyISAM DEFAULT CHARSET=utf8 COMMENT='게시글\n\nARTICLE_DT\nARTICLE_IP\n';

# Dumping data for table phoenixooo.COM_ARTICLE_TB: 34 rows
/*!40000 ALTER TABLE `COM_ARTICLE_TB` DISABLE KEYS */;
INSERT INTO `COM_ARTICLE_TB` (`ARTICLE_CD`, `USER_CD`, `BOARDGROUP_CD`, `ARTICLE_NM`, `ARTICLE_CTT`, `ARTICLE_DT`, `ARTICLE_IP`) VALUES
	('COM_ARTICLE_33', 'COM_USER_4', 'COM_BOARDGROUP_3', 'asdgadsgads', 'gadgadgag', '2016-08-02 15:55:25', '안되는건가?'),
	('COM_ARTICLE_34', 'COM_USER_4', 'COM_BOARDGROUP_3', 'adfgadf', 'gadfgadg', '2016-08-02 17:36:42', '안되는건가?'),
	('COM_ARTICLE_32', 'COM_USER_4', 'COM_BOARDGROUP_3', 'asdgadsgads', 'gadgadgag', '2016-08-02 15:54:57', '안되는건가?'),
	('COM_ARTICLE_31', 'COM_USER_4', 'COM_BOARDGROUP_3', 'asdgadsgads', 'gadgadgag', '2016-08-02 15:54:53', '안되는건가?'),
	('COM_ARTICLE_30', 'COM_USER_4', 'COM_BOARDGROUP_3', 'asdgadsgads', 'gadgadgag', '2016-08-02 15:51:08', '안되는건가?'),
	('COM_ARTICLE_27', 'COM_USER_4', 'COM_BOARDGROUP_3', 'asdgadsg', 'adsgadgagds', '2016-08-02 15:45:41', '안되는건가?'),
	('COM_ARTICLE_28', 'COM_USER_4', 'COM_BOARDGROUP_3', 'adfgadfgads', 'gasdgasdg', '2016-08-02 15:46:25', '안되는건가?'),
	('COM_ARTICLE_26', 'COM_USER_4', 'COM_BOARDGROUP_3', 'adfgadga', 'dsgadsgadsg', '2016-08-02 15:43:09', '안되는건가?'),
	('COM_ARTICLE_29', 'COM_USER_4', 'COM_BOARDGROUP_3', 'jasdbfljad', 'adgadsgadsg', '2016-08-02 15:49:59', '안되는건가?'),
	('COM_ARTICLE_25', 'COM_USER_4', 'COM_BOARDGROUP_3', 'asdkjfhakjsh', 'adskjalkjdgh', '2016-08-02 15:41:28', '안되는건가?'),
	('COM_ARTICLE_22', 'COM_USER_4', 'COM_BOARDGROUP_3', 'asdfasdfga', 'sdfasdfadsf', '2016-08-02 15:26:45', '안되는건가?'),
	('COM_ARTICLE_24', 'COM_USER_4', 'COM_BOARDGROUP_3', 'adfgadg', 'adgasdgasdg', '2016-08-02 15:41:07', '안되는건가?'),
	('COM_ARTICLE_21', 'COM_USER_4', 'COM_BOARDGROUP_3', 'adfgasdga', 'sdfasdfasdf', '2016-08-02 15:19:31', '안되는건가?'),
	('COM_ARTICLE_23', 'COM_USER_4', 'COM_BOARDGROUP_3', 'sdfgasdgasd', 'fasdfasdf', '2016-08-02 15:28:16', '안되는건가?'),
	('COM_ARTICLE_20', 'COM_USER_4', 'COM_BOARDGROUP_3', 'adfgadfg', 'adgasdgas', '2016-08-02 15:18:24', '안되는건가?'),
	('COM_ARTICLE_19', 'COM_USER_4', 'COM_BOARDGROUP_3', 'ㅁㅇㅀㅁㅇㄶㅁ', 'ㅇㄶㅁㄴㅇㅎㅁㄴㅇㅎ', '2016-08-02 15:16:10', '안되는건가?'),
	('COM_ARTICLE_18', 'COM_USER_4', 'COM_BOARDGROUP_3', 'ㅁㄴㅇㅎㅁㄴㅇ', 'ㅁㄴㅇㅁㄴㅇㅎ', '2016-08-02 15:15:45', '안되는건가?'),
	('COM_ARTICLE_17', 'COM_USER_4', 'COM_BOARDGROUP_3', 'ㅁㄴㅇㅎㅁㄴㅇㅎㅁㄴ', 'ㅇㅎㅁㄴㅇㅁㄴㅇㅎㅁㅇㄶ', '2016-08-02 15:15:36', '안되는건가?'),
	('COM_ARTICLE_16', 'COM_USER_4', 'COM_BOARDGROUP_3', 'ㅁㅇㅀㅁㅇㅀ', 'ㅁㅇㄶㅁㅇㅎㅁㅇㅎ', '2016-08-02 15:12:59', '안되는건가?'),
	('COM_ARTICLE_15', 'COM_USER_4', 'COM_BOARDGROUP_3', 'ㅁㄴㅇㅎㅁㄴㅇㅎㅁㄴ', 'ㅇㅎㅁㄴㅇㅎㅁㄴㅇㅎ', '2016-08-02 15:06:10', '안되는건가?'),
	('COM_ARTICLE_14', 'COM_USER_4', 'COM_BOARDGROUP_3', 'ㅁㄴㅇㅎㅁㅇㅀ', 'ㄹ옴ㅇㅀㅁㅇㄶㅁㅇㄶ', '2016-08-02 15:04:54', '안되는건가?'),
	('COM_ARTICLE_13', 'COM_USER_4', 'COM_BOARDGROUP_3', 'ㅁㅇㄹㄶㅁㅇㅀㅁㅇ', 'ㅎㅁㅇㄶㅁㄴㅇㅎ', '2016-08-02 14:58:59', '안되는건가?'),
	('COM_ARTICLE_12', 'COM_USER_4', 'COM_BOARDGROUP_3', 'ㅁㅇㅀㅁㅇㄹ', 'ㅎㅁㄴㅇㅎㅁㄴㅇ', '2016-08-02 14:57:30', '안되는건가?'),
	('COM_ARTICLE_11', 'COM_USER_4', 'COM_BOARDGROUP_3', '이ㅏㅓ민아런', 'ㅇ미ㅏㄴ러ㅣㅁ나얼', '2016-08-02 14:55:34', '안되는건가?'),
	('COM_ARTICLE_10', 'COM_USER_4', 'COM_BOARDGROUP_3', '이제 오토된다', '야호', '2016-08-02 14:55:12', '안되는건가?'),
	('COM_ARTICLE_9', 'COM_USER_4', 'COM_BOARDGROUP_3', 'fglskdjfgklsd', 'sfhsfghdfgj', '2016-08-02 14:49:28', '안되는건가?'),
	('COM_ARTICLE_35', 'COM_USER_4', 'COM_BOARDGROUP_3', '1', '1', '2016-08-05 13:39:38', '안되는건가?'),
	('COM_ARTICLE_7', 'COM_USER_4', 'COM_BOARDGROUP_3', 'ealskdgjalksdj', 'sdflkgja;lkdfjg;laksd', '2016-08-02 14:47:56', '안되는건가?'),
	('COM_ARTICLE_4', 'COM_USER_4', 'COM_BOARDGROUP_3', 'xdfcgsdfgdfg', 'adfgadfgsdfg', '2016-08-02 14:44:45', '안되는건가?'),
	('COM_ARTICLE_5', 'COM_USER_4', 'COM_BOARDGROUP_3', 'adshfkasd;lfaj;', 'asdlkajsdkjadsg', '2016-08-02 14:47:08', '안되는건가?'),
	('COM_ARTICLE_2', 'COM_USER_4', 'COM_BOARDGROUP_3', 'asdGASDF', 'ADFASDFASDF', '2016-08-02 14:23:02', '안되는건가?'),
	('COM_ARTICLE_3', 'COM_USER_4', 'COM_BOARDGROUP_3', 'asdfhbasmdnh', 'asdlkjfhaksdj', '2016-08-02 14:36:20', '안되는건가?'),
	('COM_ARTICLE_1', 'COM_USER_1', 'COM_BOARDGROUP_3', '아아아아아', '아아아아아', '0000-00-00 00:00:00', '111.111.111');
/*!40000 ALTER TABLE `COM_ARTICLE_TB` ENABLE KEYS */;


# Dumping structure for table phoenixooo.COM_BOARDGROUP_TB
CREATE TABLE IF NOT EXISTS `COM_BOARDGROUP_TB` (
  `BOARDGROUP_CD` varchar(45) NOT NULL,
  `BOARDGROUP_NM` varchar(45) DEFAULT NULL,
  PRIMARY KEY (`BOARDGROUP_CD`)
) ENGINE=MyISAM DEFAULT CHARSET=utf8 COMMENT='게시글그룹';

# Dumping data for table phoenixooo.COM_BOARDGROUP_TB: 5 rows
/*!40000 ALTER TABLE `COM_BOARDGROUP_TB` DISABLE KEYS */;
INSERT INTO `COM_BOARDGROUP_TB` (`BOARDGROUP_CD`, `BOARDGROUP_NM`) VALUES
	('COM_BOARDGROUP_0', '관리페이지'),
	('COM_BOARDGROUP_1', '디자이너'),
	('COM_BOARDGROUP_2', '상담'),
	('COM_BOARDGROUP_3', '자유'),
	('COM_BOARDGROUP_4', '공지');
/*!40000 ALTER TABLE `COM_BOARDGROUP_TB` ENABLE KEYS */;


# Dumping structure for table phoenixooo.COM_COMMENT_RECOMMEND_TB
CREATE TABLE IF NOT EXISTS `COM_COMMENT_RECOMMEND_TB` (
  `COMMENT_RECOMMEND_CD` varchar(45) NOT NULL,
  `USER_CD` varchar(45) NOT NULL,
  `COMMENT_CD` varchar(45) NOT NULL,
  `COMMENT_RECOMMEND_DT` datetime NOT NULL,
  `COMMENT_RECOMMEND_IP` varchar(45) NOT NULL,
  PRIMARY KEY (`COMMENT_RECOMMEND_CD`)
) ENGINE=MyISAM DEFAULT CHARSET=utf8 COMMENT='게시글댓글추천';

# Dumping data for table phoenixooo.COM_COMMENT_RECOMMEND_TB: 3 rows
/*!40000 ALTER TABLE `COM_COMMENT_RECOMMEND_TB` DISABLE KEYS */;
INSERT INTO `COM_COMMENT_RECOMMEND_TB` (`COMMENT_RECOMMEND_CD`, `USER_CD`, `COMMENT_CD`, `COMMENT_RECOMMEND_DT`, `COMMENT_RECOMMEND_IP`) VALUES
	('COMMENT_RECOMMEND_1', 'USER_1', 'COMMENT_1', '2016-07-22 14:49:42', '127.0.0.1'),
	('COMMENT_RECOMMEND_2', 'USER_2', 'COMMENT_2', '2016-07-22 14:49:53', '127.0.0.2'),
	('COMMENT_RECOMMEND_3', 'USER_3', 'COMMENT_3', '2016-07-22 14:50:02', '127.0.0.3');
/*!40000 ALTER TABLE `COM_COMMENT_RECOMMEND_TB` ENABLE KEYS */;


# Dumping structure for table phoenixooo.COM_COMMENT_TB
CREATE TABLE IF NOT EXISTS `COM_COMMENT_TB` (
  `COMMENT_CD` varchar(45) NOT NULL,
  `ARTICLE_CD` varchar(45) NOT NULL,
  `USER_CD` varchar(45) NOT NULL,
  `COMMENT_CTT` text NOT NULL,
  `COMMENT_DT` datetime NOT NULL,
  `COMMENT_IP` varchar(45) NOT NULL,
  PRIMARY KEY (`COMMENT_CD`)
) ENGINE=MyISAM DEFAULT CHARSET=utf8 COMMENT='게시글댓글\n\n';

# Dumping data for table phoenixooo.COM_COMMENT_TB: 5 rows
/*!40000 ALTER TABLE `COM_COMMENT_TB` DISABLE KEYS */;
INSERT INTO `COM_COMMENT_TB` (`COMMENT_CD`, `ARTICLE_CD`, `USER_CD`, `COMMENT_CTT`, `COMMENT_DT`, `COMMENT_IP`) VALUES
	('COM_COMMENT_1', 'COM_ARTICLE_2', 'COM_USER_77', '김우빈 잘생겼다아!!', '2016-07-22 14:57:45', ''),
	('COM_COMMENT_2', 'COM_ARTICLE_3', 'COM_USER_50', '이 머리 얼굴 동그란 사람도 어울릴까요?', '2016-07-22 14:58:14', ''),
	('COM_COMMENT_3', 'COM_ARTICLE_2', 'COM_USER_45', '머리가 김우빈빨', '2016-07-22 14:58:49', ''),
	('COM_COMMENT_5', 'COM_ARTICLE_6', 'COM_USER_123', '머리가 김우빈빨', '2016-07-22 14:58:49', '123.456.789.456'),
	('COM_COMMENT_7', 'COM_ARTICLE_6', 'COM_USER_123', 'ㅇㅇ', '2016-07-29 09:27:02', '123.456.789.456');
/*!40000 ALTER TABLE `COM_COMMENT_TB` ENABLE KEYS */;


# Dumping structure for table phoenixooo.COM_COUNSEL_TB
CREATE TABLE IF NOT EXISTS `COM_COUNSEL_TB` (
  `COUNSEL_CD` varchar(45) NOT NULL,
  `USER_CD` varchar(45) NOT NULL,
  `ARTICLE_CD` varchar(45) NOT NULL,
  `SHOP_CD` varchar(45) NOT NULL,
  PRIMARY KEY (`COUNSEL_CD`)
) ENGINE=MyISAM DEFAULT CHARSET=utf8 COMMENT='상담';

# Dumping data for table phoenixooo.COM_COUNSEL_TB: 3 rows
/*!40000 ALTER TABLE `COM_COUNSEL_TB` DISABLE KEYS */;
INSERT INTO `COM_COUNSEL_TB` (`COUNSEL_CD`, `USER_CD`, `ARTICLE_CD`, `SHOP_CD`) VALUES
	('COM_COUNSEL_1', 'COM_USER_1', 'COM_ARTICLE_1', 'CRM_SHOP_1'),
	('COM_COUNSEL_2', 'COM_USER_1', 'COM_ARTICLE_2', 'CRM_SHOP_1'),
	('COM_COUNSEL_3', 'COM_USER_2', 'COM_ARTICLE_3', 'CRM_SHOP_2');
/*!40000 ALTER TABLE `COM_COUNSEL_TB` ENABLE KEYS */;


# Dumping structure for table phoenixooo.COM_FILE_TB
CREATE TABLE IF NOT EXISTS `COM_FILE_TB` (
  `FILE_CD` varchar(45) NOT NULL,
  `ARTICLE_CD` varchar(45) NOT NULL,
  `FILE_PATH` varchar(150) NOT NULL,
  `FILE_NAME` varchar(45) NOT NULL,
  `RANDOM_NAME` varchar(45) NOT NULL,
  PRIMARY KEY (`FILE_CD`)
) ENGINE=MyISAM DEFAULT CHARSET=utf8 COMMENT='게시글파일\nFILE_CD\nARTICLE_CD\nFILE_PATH\n';

# Dumping data for table phoenixooo.COM_FILE_TB: 21 rows
/*!40000 ALTER TABLE `COM_FILE_TB` DISABLE KEYS */;
INSERT INTO `COM_FILE_TB` (`FILE_CD`, `ARTICLE_CD`, `FILE_PATH`, `FILE_NAME`, `RANDOM_NAME`) VALUES
	('COM_FILE_11', 'COM_ARTICLE_30', '/resources/upload/HYOGHKZOXMYJLWREOMRU1956452855.jpg', 'Penguins.jpg', 'HYOGHKZOXMYJLWREOMRU1956452855'),
	('COM_FILE_10', 'COM_ARTICLE_30', '/resources/upload/TYKRREUDHGBEWVSXXPHR8444366784.jpg', 'Lighthouse.jpg', 'TYKRREUDHGBEWVSXXPHR8444366784'),
	('COM_FILE_9', 'COM_ARTICLE_30', '/resources/upload/TPLKETGTKWTWPBXWPUDR6778138176.jpg', 'Koala.jpg', 'TPLKETGTKWTWPBXWPUDR6778138176'),
	('COM_FILE_7', 'COM_ARTICLE_29', '/resources/upload/LZVQRPIGAGYRALIKITJG5441255622.jpg', 'Koala.jpg', 'LZVQRPIGAGYRALIKITJG5441255622'),
	('COM_FILE_5', 'COM_ARTICLE_26', '/resources/upload/EXGSCSAJXBZPOWURTQYR6562169658.jpg', 'Koala.jpg', 'EXGSCSAJXBZPOWURTQYR6562169658'),
	('COM_FILE_6', 'COM_ARTICLE_28', '/resources/upload/FYLLHJSTHCEYMNMIRPHA3992252856.jpg', 'Koala.jpg', 'FYLLHJSTHCEYMNMIRPHA3992252856'),
	('COM_FILE_4', 'COM_ARTICLE_25', '/resources/upload/RPVAICVJHMXWDPFDJAFL3155153552.', '', 'RPVAICVJHMXWDPFDJAFL3155153552'),
	('COM_FILE_3', 'COM_ARTICLE_24', '/resources/upload/WZVMRXTRNOWIVURRGMBL8497868298.jpg', 'Chrysanthemum.jpg', 'WZVMRXTRNOWIVURRGMBL8497868298'),
	('COM_FILE_1', 'COM_ARTICLE_2', '/resources/upload/JRQYYJOGCBKRJPIIAMER5993698836.jpg', 'Koala.jpg', 'JRQYYJOGCBKRJPIIAMER5993698836'),
	('COM_FILE_8', 'COM_ARTICLE_29', '/resources/upload/NIRYVZCNRGLWFPWXEJRB1575225991.jpg', 'Lighthouse.jpg', 'NIRYVZCNRGLWFPWXEJRB1575225991'),
	('COM_FILE_2', 'COM_ARTICLE_23', '/resources/upload/DVENEOCBMOCQVBOQRIDQ3611261179.', '', 'DVENEOCBMOCQVBOQRIDQ3611261179'),
	('COM_FILE_12', 'COM_ARTICLE_31', '/resources/upload/MRWOXIARZIMXHHUJFGWS1211584498.jpg', 'Koala.jpg', 'MRWOXIARZIMXHHUJFGWS1211584498'),
	('COM_FILE_13', 'COM_ARTICLE_31', '/resources/upload/HBTXDSOIJQCRLPWPPMXE3291799325.jpg', 'Lighthouse.jpg', 'HBTXDSOIJQCRLPWPPMXE3291799325'),
	('COM_FILE_14', 'COM_ARTICLE_31', '/resources/upload/VZUSSMWWHSEKQTFSVFZH4816255925.jpg', 'Penguins.jpg', 'VZUSSMWWHSEKQTFSVFZH4816255925'),
	('COM_FILE_15', 'COM_ARTICLE_32', '/resources/upload/SKBXFIBLFVPIDRDCVTPE2355539855.jpg', 'Koala.jpg', 'SKBXFIBLFVPIDRDCVTPE2355539855'),
	('COM_FILE_16', 'COM_ARTICLE_32', '/resources/upload/ZQRYUXJTLQAKPRXYKWSV8624283441.jpg', 'Lighthouse.jpg', 'ZQRYUXJTLQAKPRXYKWSV8624283441'),
	('COM_FILE_17', 'COM_ARTICLE_32', '/resources/upload/GVIHRTQAVGJVNGIBVCFD3728682583.jpg', 'Penguins.jpg', 'GVIHRTQAVGJVNGIBVCFD3728682583'),
	('COM_FILE_18', 'COM_ARTICLE_33', '/resources/upload/OCFVJYVRXRZBJWVGTLKW8214346698.jpg', 'Koala.jpg', 'OCFVJYVRXRZBJWVGTLKW8214346698'),
	('COM_FILE_19', 'COM_ARTICLE_33', '/resources/upload/QZYOOOTLFPXZDUIQVXWN2177712657.jpg', 'Lighthouse.jpg', 'QZYOOOTLFPXZDUIQVXWN2177712657'),
	('COM_FILE_20', 'COM_ARTICLE_33', '/resources/upload/DNNXAODIAAZVMFUPLJIK2147937638.jpg', 'Penguins.jpg', 'DNNXAODIAAZVMFUPLJIK2147937638'),
	('COM_FILE_21', 'COM_ARTICLE_34', '/resources/upload/UMKTDRKMFFFGVWJKICSE5119629497.jpg', 'Chrysanthemum.jpg', 'UMKTDRKMFFFGVWJKICSE5119629497');
/*!40000 ALTER TABLE `COM_FILE_TB` ENABLE KEYS */;


# Dumping structure for table phoenixooo.COM_HITS_TB
CREATE TABLE IF NOT EXISTS `COM_HITS_TB` (
  `HITS_CD` varchar(45) NOT NULL,
  `ARTICLE_CD` varchar(45) NOT NULL,
  `USER_CD` varchar(45) NOT NULL,
  `USER_GB` varchar(45) NOT NULL,
  `HITS_DT` datetime NOT NULL,
  `HITS_IP` varchar(45) NOT NULL,
  PRIMARY KEY (`HITS_CD`)
) ENGINE=MyISAM DEFAULT CHARSET=utf8 COMMENT='게시글조회\r\n';

# Dumping data for table phoenixooo.COM_HITS_TB: 3 rows
/*!40000 ALTER TABLE `COM_HITS_TB` DISABLE KEYS */;
INSERT INTO `COM_HITS_TB` (`HITS_CD`, `ARTICLE_CD`, `USER_CD`, `USER_GB`, `HITS_DT`, `HITS_IP`) VALUES
	('COM_HITS_1', 'COM_ARTICLE_2', 'COM_USER_35', '회원', '2016-07-22 14:48:45', '123.123.123.123'),
	('COM_HITS_2', 'COM_ARTICLE_2', 'COM_USER_50', '회원', '2016-07-22 14:49:41', '123.123.222.111'),
	('COM_HITS_3', 'COM_ARTICLE_3', 'NOT_USER', '비회원', '2016-07-22 14:50:00', '555.123.222.111');
/*!40000 ALTER TABLE `COM_HITS_TB` ENABLE KEYS */;


# Dumping structure for table phoenixooo.COM_ORDER_TB
CREATE TABLE IF NOT EXISTS `COM_ORDER_TB` (
  `SW_ORDER_CD` varchar(45) NOT NULL,
  `RECEIVE_USER_CD` varchar(45) NOT NULL,
  `ORDER_USER_CD` varchar(45) NOT NULL,
  `SHOP_CD` varchar(45) NOT NULL,
  `SW_CD` varchar(45) NOT NULL,
  `ORDER_DT` datetime NOT NULL,
  PRIMARY KEY (`SW_ORDER_CD`)
) ENGINE=MyISAM DEFAULT CHARSET=utf8 COMMENT='SW상품주문내역';

# Dumping data for table phoenixooo.COM_ORDER_TB: 6 rows
/*!40000 ALTER TABLE `COM_ORDER_TB` DISABLE KEYS */;
INSERT INTO `COM_ORDER_TB` (`SW_ORDER_CD`, `RECEIVE_USER_CD`, `ORDER_USER_CD`, `SHOP_CD`, `SW_CD`, `ORDER_DT`) VALUES
	('COM_ORDER_1', 'COM_USER_1', 'COM_USER_5', 'CRM_SHOP_1', 'COM_SW_1', '2016-07-22 11:31:54'),
	('COM_ORDER_2', 'COM_USER_1', 'COM_USER_6', 'CRM_SHOP_2', 'COM_SW_1', '2016-07-22 11:34:26'),
	('COM_ORDER_3', 'COM_USER_2', 'COM_USER_6', 'CRM_SHOP_3', 'COM_SW_3', '2016-07-22 11:34:41'),
	('COM_ORDER_4', 'COM_USER_9', 'COM_USER_4', 'CRM_SHOP_4', 'COM_SW_4', '2016-07-22 11:34:41'),
	('COM_ORDER_5', 'COM_USER_2', 'COM_USER_4', 'CRM_SHOP_2', 'COM_SW_1', '2016-07-22 11:31:54'),
	('COM_ORDER_6', 'COM_USER_1', 'COM_USER_4', 'CRM_SHOP_3', 'COM_SW_3', '2016-07-22 11:34:26');
/*!40000 ALTER TABLE `COM_ORDER_TB` ENABLE KEYS */;


# Dumping structure for table phoenixooo.COM_PAYMENT_TB
CREATE TABLE IF NOT EXISTS `COM_PAYMENT_TB` (
  `PAYMENT_CD` varchar(45) NOT NULL,
  `ORDER_CD` varchar(45) NOT NULL,
  `USER_CD` varchar(45) NOT NULL,
  `SHOP_CD` varchar(45) NOT NULL,
  `SW_CD` varchar(45) NOT NULL,
  `SW_WON` int(11) NOT NULL,
  `SW_PAYMENT_OPTION_NM` varchar(45) NOT NULL,
  `SW_PAYMENT_DT` datetime NOT NULL,
  `SW_STARTING_SERVICE_DT` date NOT NULL,
  `SW_ENDING_SERVICE_DT` date NOT NULL,
  `SW_SERVICE_ST` varchar(45) NOT NULL,
  PRIMARY KEY (`PAYMENT_CD`)
) ENGINE=MyISAM DEFAULT CHARSET=utf8 COMMENT='SW결제내역';

# Dumping data for table phoenixooo.COM_PAYMENT_TB: 5 rows
/*!40000 ALTER TABLE `COM_PAYMENT_TB` DISABLE KEYS */;
INSERT INTO `COM_PAYMENT_TB` (`PAYMENT_CD`, `ORDER_CD`, `USER_CD`, `SHOP_CD`, `SW_CD`, `SW_WON`, `SW_PAYMENT_OPTION_NM`, `SW_PAYMENT_DT`, `SW_STARTING_SERVICE_DT`, `SW_ENDING_SERVICE_DT`, `SW_SERVICE_ST`) VALUES
	('COM_PAYMENT_1', 'COM_ORDER_1', 'COM_USER_5', 'CRM_SHOP_1', 'COM_SW_1', 9900, '카드', '2016-07-22 11:45:20', '2016-07-22', '2016-08-21', '정상'),
	('COM_PAYMENT_4', 'COM_ORDER_4', 'COM_USER_4', 'CRM_SHOP_4', 'COM_SW_4', 59400, '현금', '2016-07-22 11:45:20', '2016-07-22', '2016-08-21', ''),
	('COM_PAYMENT_2', 'COM_ORDER_2', 'COM_USER_6', 'CRM_SHOP_2', 'COM_SW_1', 9900, '현금', '2016-07-22 11:46:51', '2016-07-22', '2016-08-21', '정상'),
	('COM_PAYMENT_3', 'COM_ORDER_3', 'COM_USER_6', 'CRM_SHOP_3', 'COM_SW_3', 59400, '카드', '2016-07-22 11:50:58', '2016-07-22', '2017-01-21', '정상'),
	('COM_PAYMENT_5', 'COM_ORDER_5', 'COM_USER_4', 'CRM_SHOP_2', 'COM_SW_1', 9900, '카드', '2016-07-22 11:45:20', '2016-07-22', '2017-01-21', '');
/*!40000 ALTER TABLE `COM_PAYMENT_TB` ENABLE KEYS */;


# Dumping structure for table phoenixooo.COM_REPAYMENT_COMPLETE_TB
CREATE TABLE IF NOT EXISTS `COM_REPAYMENT_COMPLETE_TB` (
  `REPAYMENT_COMPLETE_CD` varchar(45) NOT NULL,
  `REPAYMENT_REQUEST_CD` varchar(45) NOT NULL,
  `PAYMENT_CD` varchar(45) NOT NULL,
  `USER_CD` varchar(45) NOT NULL,
  `SHOP_CD` varchar(45) NOT NULL,
  `REPAYMENT_WON` int(11) NOT NULL,
  `REPAYMENT_DT` datetime NOT NULL,
  PRIMARY KEY (`REPAYMENT_COMPLETE_CD`)
) ENGINE=MyISAM DEFAULT CHARSET=utf8 COMMENT='SW환불처리완료';

# Dumping data for table phoenixooo.COM_REPAYMENT_COMPLETE_TB: 3 rows
/*!40000 ALTER TABLE `COM_REPAYMENT_COMPLETE_TB` DISABLE KEYS */;
INSERT INTO `COM_REPAYMENT_COMPLETE_TB` (`REPAYMENT_COMPLETE_CD`, `REPAYMENT_REQUEST_CD`, `PAYMENT_CD`, `USER_CD`, `SHOP_CD`, `REPAYMENT_WON`, `REPAYMENT_DT`) VALUES
	('COM_REPAYMENT_COMPLETE_1', 'COM_REPAYMENT_REQUEST_1', 'COM_PAYMENT_1', 'COM_USER_5', 'CRM_SHOP_1', 7000, '2016-07-22 13:53:55'),
	('COM_REPAYMENT_COMPLETE_2', 'COM_REPAYMENT_REQUEST_2', 'COM_PAYMENT_2', 'COM_USER_6', 'CRM_SHOP_2', 3000, '2016-07-22 13:56:05'),
	('COM_REPAYMENT_COMPLETE_3', 'COM_REPAYMENT_REQUEST_3', 'COM_PAYMENT_3', 'COM_USER_6', 'CRM_SHOP_3', 1500, '2016-07-23 09:23:11');
/*!40000 ALTER TABLE `COM_REPAYMENT_COMPLETE_TB` ENABLE KEYS */;


# Dumping structure for table phoenixooo.COM_REPAYMENT_REQUEST_TB
CREATE TABLE IF NOT EXISTS `COM_REPAYMENT_REQUEST_TB` (
  `REPAYMENT_REQUEST_CD` varchar(45) NOT NULL,
  `PAYMENT_CD` varchar(45) NOT NULL,
  `USER_SYSTEM_CD` varchar(45) DEFAULT NULL,
  `USER_CD` varchar(45) NOT NULL,
  `SHOP_CD` varchar(45) NOT NULL,
  `SW_CD` varchar(45) NOT NULL,
  `REPAYMENT_REQUEST_WON` int(11) NOT NULL,
  `REPAYMENT_REQUEST_DT` datetime NOT NULL,
  `REPAYMENT_PERMISSION_DT` datetime DEFAULT NULL,
  `REPAYMENT_BANK_NM` varchar(50) NOT NULL,
  `REPAYMENT_ACCOUNT_NO` varchar(50) NOT NULL,
  PRIMARY KEY (`REPAYMENT_REQUEST_CD`)
) ENGINE=MyISAM DEFAULT CHARSET=utf8 COMMENT='환불신청금액계산';

# Dumping data for table phoenixooo.COM_REPAYMENT_REQUEST_TB: 3 rows
/*!40000 ALTER TABLE `COM_REPAYMENT_REQUEST_TB` DISABLE KEYS */;
INSERT INTO `COM_REPAYMENT_REQUEST_TB` (`REPAYMENT_REQUEST_CD`, `PAYMENT_CD`, `USER_SYSTEM_CD`, `USER_CD`, `SHOP_CD`, `SW_CD`, `REPAYMENT_REQUEST_WON`, `REPAYMENT_REQUEST_DT`, `REPAYMENT_PERMISSION_DT`, `REPAYMENT_BANK_NM`, `REPAYMENT_ACCOUNT_NO`) VALUES
	('COM_REPAYMENT_REQUEST_1', 'COM_PAYMENT_1', 'COM_USER_1', 'COM_USER_5', 'CRM_SHOP_1', 'COM_SW_1', 7000, '2016-07-22 12:35:57', '2016-07-22 13:35:22', '신한', '40073902271023'),
	('COM_REPAYMENT_REQUEST_2', 'COM_PAYMENT_2', 'COM_USER_2', 'COM_USER_6', 'CRM_SHOP_2', 'COM_SW_1', 3000, '2016-07-22 12:38:03', '2016-07-22 14:43:11', '우리', '1002936517321'),
	('COM_REPAYMENT_REQUEST_3', 'COM_PAYMENT_3', 'COM_USER_3', 'COM_USER_6', 'CRM_SHOP_3', 'COM_SW_3', 1500, '2016-07-22 12:39:07', '2016-07-22 15:13:05', '국민', '40073902271023');
/*!40000 ALTER TABLE `COM_REPAYMENT_REQUEST_TB` ENABLE KEYS */;


# Dumping structure for table phoenixooo.COM_SW_TB
CREATE TABLE IF NOT EXISTS `COM_SW_TB` (
  `SW_CD` varchar(45) NOT NULL,
  `SW_NM` varchar(45) NOT NULL,
  `SW_WON` int(11) NOT NULL,
  `SW_TERM` varchar(45) NOT NULL,
  PRIMARY KEY (`SW_CD`)
) ENGINE=MyISAM DEFAULT CHARSET=utf8 COMMENT='SW상품';

# Dumping data for table phoenixooo.COM_SW_TB: 5 rows
/*!40000 ALTER TABLE `COM_SW_TB` DISABLE KEYS */;
INSERT INTO `COM_SW_TB` (`SW_CD`, `SW_NM`, `SW_WON`, `SW_TERM`) VALUES
	('COM_SW_1', '1개월패키지', 9900, '30'),
	('COM_SW_3', '3개월패키지', 29700, '90'),
	('COM_SW_4', '6개월패키지', 59400, '180'),
	('COM_SW_5', '12개월패키지', 110000, '365'),
	('COM_SW_2', '정기결제', 9000, '30');
/*!40000 ALTER TABLE `COM_SW_TB` ENABLE KEYS */;


# Dumping structure for table phoenixooo.COM_TAG_TB
CREATE TABLE IF NOT EXISTS `COM_TAG_TB` (
  `TAG_CD` varchar(45) NOT NULL,
  `ARTICLE_CD` varchar(45) NOT NULL,
  `TAG_NM` varchar(45) NOT NULL,
  PRIMARY KEY (`TAG_CD`)
) ENGINE=MyISAM DEFAULT CHARSET=utf8 COMMENT='태그';

# Dumping data for table phoenixooo.COM_TAG_TB: 3 rows
/*!40000 ALTER TABLE `COM_TAG_TB` DISABLE KEYS */;
INSERT INTO `COM_TAG_TB` (`TAG_CD`, `ARTICLE_CD`, `TAG_NM`) VALUES
	('COM_TAG_1', 'COM_ARTICLE_1', '수지'),
	('COM_TAG_2', 'COM_ARTICLE_2', '볼륨매직'),
	('COM_TAG_3', 'COM_ARTICLE_3', '탈색');
/*!40000 ALTER TABLE `COM_TAG_TB` ENABLE KEYS */;


# Dumping structure for table phoenixooo.COM_USER_TB
CREATE TABLE IF NOT EXISTS `COM_USER_TB` (
  `USER_CD` varchar(45) NOT NULL,
  `USER_GROUP_NM` varchar(45) NOT NULL,
  `USER_NM` varchar(45) NOT NULL,
  `USER_NICK_NM` varchar(45) NOT NULL,
  `USER_ID` varchar(45) NOT NULL,
  `USER_PW` varchar(45) NOT NULL,
  `USER_SEX_FL` int(11) NOT NULL,
  `USER_ANNIVERSARY_DT` date DEFAULT NULL,
  `USER_BIRTH_DT` date DEFAULT NULL,
  `USER_ADDR` varchar(45) DEFAULT NULL,
  `USER_POST_NO` int(11) unsigned zerofill DEFAULT NULL,
  `USER_EMAIL_ADDR` varchar(45) NOT NULL,
  `USER_JOIN_DT` datetime NOT NULL,
  `USER_SHOP_CD` varchar(50) DEFAULT NULL,
  `USER_PHONE_NO` varchar(11) DEFAULT NULL,
  `USER_CELLPHONE_NO` varchar(11) DEFAULT NULL,
  `USER_INTRODUCE_CTT` text,
  PRIMARY KEY (`USER_CD`),
  UNIQUE KEY `USER_ID` (`USER_ID`),
  UNIQUE KEY `USER_NICK_NM` (`USER_NICK_NM`)
) ENGINE=MyISAM DEFAULT CHARSET=utf8 COMMENT='기본회원테이블 / EMAIL 유니크처리하기';

# Dumping data for table phoenixooo.COM_USER_TB: 28 rows
/*!40000 ALTER TABLE `COM_USER_TB` DISABLE KEYS */;
INSERT INTO `COM_USER_TB` (`USER_CD`, `USER_GROUP_NM`, `USER_NM`, `USER_NICK_NM`, `USER_ID`, `USER_PW`, `USER_SEX_FL`, `USER_ANNIVERSARY_DT`, `USER_BIRTH_DT`, `USER_ADDR`, `USER_POST_NO`, `USER_EMAIL_ADDR`, `USER_JOIN_DT`, `USER_SHOP_CD`, `USER_PHONE_NO`, `USER_CELLPHONE_NO`, `USER_INTRODUCE_CTT`) VALUES
	('COM_USER_1', '관리자', '이승주', '관리자1', 'sj00', 'sj00', 1, '0000-01-01', '0000-07-30', '호성동', 00000012345, 'sj@mail.com', '2016-07-22 14:19:50', 'CRM_SHOP_1', '0631231234', '01012341234', '관리자입니다.'),
	('COM_USER_2', '관리자', '강재욱', '관리자2', 'jwid02', 'jwpw02', 0, '0000-01-01', '0000-01-01', '삼천동', 00000012345, 'jw@mail.com', '2016-07-22 14:21:21', 'CRM_SHOP_1', '0631231234', '01012341234', '관리자2입니다.'),
	('COM_USER_3', '미용실원장', '신복기', '원장님1', 'won111', 'wontest', 0, '0000-01-01', '2016-07-26', '서신동', 00000023456, 'bk@mail.com', '2016-07-26 10:10:36', 'CRM_SHOP_1', NULL, NULL, '(NULL)'),
	('COM_USER_4', '회원', '차이수', 'Flow', '111', '111', 1, '2016-07-28', '2016-07-28', '1동', 00000000555, 'aranlgfm@gmail.com', '2016-07-26 17:07:51', 'CRM_SHOP_1', '111222333', '111222333', '(NULL)'),
	('COM_USER_5', '디자이너', '김스트', '테스트님', '222', '222', 0, '2016-07-28', '2016-07-28', '2동', 00000002222, 'aranlgfm@gmail.com', '2016-07-26 17:09:34', 'CRM_SHOP_1', '111222333', '111222333', '텟2'),
	('COM_USER_6', '미용실원장', '김텟읕', '테스트짱', '333', '333', 1, '2016-07-28', '2016-07-28', '3동', 00000000000, 'aranlgfm@gmail.com', '2016-07-26 17:10:00', 'CRM_SHOP_1', '111222333', '111222333', '텟3'),
	('COM_USER_9', '회원', '5h6h', '45lbf4', '1144', '1144', 1, NULL, NULL, '', 00000006646, 'aranlgfm@gmail.com', '2016-07-26 17:11:21', 'CRM_SHOP_1', NULL, NULL, NULL),
	('COM_USER_10', '회원', 'hgjfrtu67', 'fgjh56', 'kuk87', '565656', 0, NULL, NULL, '', 00000444444, 'aranlgfm@gmail.com', '2016-07-26 17:12:42', 'CRM_SHOP_1', NULL, NULL, NULL),
	('COM_USER_11', '회원', '888888', '00000', '88888', '4444', 0, NULL, NULL, '', 00000088888, 'aranlgfm@gmail.com', '2016-07-26 17:14:42', 'CRM_SHOP_1', NULL, NULL, NULL),
	('COM_USER_12', '회원', '7jj7', '56565', '77777', '55555', 1, NULL, NULL, '', 00000006665, 'aranlgfm@gmail.com', '2016-07-26 17:14:54', 'CRM_SHOP_1', NULL, NULL, NULL),
	('COM_USER_13', '회원', 'hhyh', 'kkik', 'yhyh', '123123', 1, NULL, NULL, '', 00000000000, 'aranlgfm@gmail.com', '2016-07-26 17:15:20', 'CRM_SHOP_1', NULL, NULL, NULL),
	('COM_USER_14', '회원', 'yhnujm', 'olpou3', 'tgbtgb', '111', 0, NULL, NULL, '', 00000000123, 'aranlgfm@gmail.com', '2016-07-26 17:16:46', 'CRM_SHOP_1', NULL, NULL, NULL),
	('COM_USER_15', '미용실원장', 'chai', 'iikikoo', 'chacha', '123123', 0, NULL, NULL, '', 00000009595, 'aranlgfm@gmail.com', '2016-07-26 17:17:57', '111111', NULL, NULL, NULL),
	('COM_USER_16', '미용실원장', 'iiki', 'gthy', 'chacha222', '111', 0, NULL, NULL, '', 00000123123, 'aranlgfm@gmail.com', '2016-07-26 17:18:43', 'CRM_SHOP_1', NULL, NULL, NULL),
	('COM_USER_17', '미용실원장', '0kgty', 'hj56y6', 'chacha00', '123123', 1, NULL, NULL, '', 00000001133, 'aranlgfm@gmail.com', '2016-07-26 17:23:20', 'CRM_SHOP_1', NULL, NULL, NULL),
	('COM_USER_18', '미용실원장', '대봉이', '룰루라라', 'test0010', '123123', 0, NULL, NULL, '', 00000000555, 'aranlgfm@gmail.com', '2016-07-27 09:35:37', 'CRM_SHOP_1', NULL, NULL, NULL),
	('COM_USER_19', '미용실원장', '테스트', '입니다.', 'test99', 'test99', 0, NULL, NULL, '', 00000000123, 'aranlgfm@gmail.com', '2016-07-27 09:54:39', 'CRM_SHOP_1', NULL, NULL, NULL),
	('COM_USER_20', '미용실원장', 'ggbg', 'hhnh', 'test222', '123123', 1, NULL, NULL, '', 00000000123, 'aranlgfm@gmail.com', '2016-07-27 09:59:39', 'CRM_SHOP_1', NULL, NULL, NULL),
	('COM_USER_21', '미용실원장', 'test88', 'test880', 'test88', '123123', 0, NULL, NULL, '', 00000008898, 'aranlgfm@gmail.com', '2016-07-27 10:27:51', 'CRM_SHOP_1', NULL, NULL, NULL),
	('COM_USER_22', '회원', '김대봉', '테스트', 'test77', 'test77', 0, NULL, NULL, '', 00000000222, 'aranlgfm@gmail.com', '2016-07-27 11:32:04', 'CRM_SHOP_1', NULL, NULL, NULL),
	('COM_USER_23', '미용실원장', 'tete0', 'tete3', 'tete', '123123', 0, NULL, NULL, '', 00000000123, 'aranlgfm@gmail.com', '2016-07-27 11:32:25', 'CRM_SHOP_1', NULL, NULL, NULL),
	('COM_USER_24', '회원', '차현', '테스트에요1', 'test7722', '111', 0, NULL, NULL, '', 00000000222, 'aranlgfm@gmail.com', '2016-07-27 11:37:57', 'CRM_SHOP_1', NULL, NULL, NULL),
	('COM_USER_25', '미용실원장', '차녹', 'tete35', 'tete3', 'tete3', 0, NULL, NULL, '', 00000000222, 'aranlgfm@gmail.com', '2016-07-27 11:38:10', 'CRM_SHOP_1', NULL, NULL, NULL),
	('COM_USER_26', '미용실원장', '차주', 'toto14', 'toto1', 'toto1', 1, NULL, NULL, '', 00000000123, 'aranlgfm@gmail.com', '2016-07-27 11:45:48', 'CRM_SHOP_1', NULL, NULL, NULL),
	('COM_USER_27', '미용실원장', '차청', '라라라', 'toto09', '123123', 0, NULL, NULL, '', 00000002222, 'aranlgfm@gmail.com', '2016-07-27 11:58:01', 'CRM_SHOP_1', NULL, NULL, NULL),
	('COM_USER_28', '디자이너', '차적', 'gaga155', 'ggg123', '123123', 1, NULL, NULL, '', 00000000123, 'aranlgfm@gmail.com', '2016-07-27 13:25:06', 'CRM_SHOP_2', NULL, NULL, NULL),
	('COM_USER_29', '디자이너', '차황', 'geogeo13', 'geogeo1', '123123', 1, NULL, NULL, '', 00000044443, 'aranlgfm@gmail.com', '2016-07-27 13:38:57', 'cd3422342341', NULL, NULL, NULL),
	('COM_USER_30', '디자이너', '차홍', 'tata14', 'tata1', '123123', 1, NULL, NULL, '', 00000000222, 'aranlgfm@gmail.com', '2016-07-27 13:41:59', 'sha1', NULL, NULL, NULL);
/*!40000 ALTER TABLE `COM_USER_TB` ENABLE KEYS */;


# Dumping structure for table phoenixooo.CRM_ACCOUNT_TB
CREATE TABLE IF NOT EXISTS `CRM_ACCOUNT_TB` (
  `ACCOUNT_CD` varchar(45) NOT NULL,
  `SHOP_CD` varchar(45) NOT NULL,
  `ACCOUNT_NM` varchar(45) NOT NULL,
  `CHARGER_NM` varchar(45) NOT NULL,
  `CHARGER_CELLPHONE_NO` varchar(30) NOT NULL,
  `CHARGER_PHONE_NO` varchar(30) DEFAULT NULL,
  `CHARGER_FAX_NO` varchar(30) DEFAULT NULL,
  `CHARGER_MEMO` varchar(45) DEFAULT NULL,
  PRIMARY KEY (`ACCOUNT_CD`)
) ENGINE=MyISAM DEFAULT CHARSET=utf8 COMMENT='거래처';

# Dumping data for table phoenixooo.CRM_ACCOUNT_TB: 7 rows
/*!40000 ALTER TABLE `CRM_ACCOUNT_TB` DISABLE KEYS */;
INSERT INTO `CRM_ACCOUNT_TB` (`ACCOUNT_CD`, `SHOP_CD`, `ACCOUNT_NM`, `CHARGER_NM`, `CHARGER_CELLPHONE_NO`, `CHARGER_PHONE_NO`, `CHARGER_FAX_NO`, `CHARGER_MEMO`) VALUES
	('CRM_ACCOUNT_1', 'CRM_SHOP_1', '삼성', '이건희', '01054855548', '02147483647', '0648485656', ''),
	('CRM_ACCOUNT_2', 'CRM_SHOP_3', 'lg', '김또깡', '01054855348', '02147483647', '0648484656', ''),
	('CRM_ACCOUNT_3', 'CRM_SHOP_1', 'SK', '김냥냥', '01034855348', '02147483647', '0648434656', ''),
	('CRM_ACCOUNT_4', 'CRM_SHOP_1', 'ㅗㅓㄽ', 'ㄹ호로', 'ㅀㄹ', 'ㅎㄹ홀', '홀홀', 'ㄹ홀호'),
	('CRM_ACCOUNT_5', 'CRM_SHOP_1', '이스트?트', '떡볶이', '01098758745', '0635458758', '0635486696', 'ㅇㄹㄴㅇㄹ'),
	('CRM_ACCOUNT_6', 'CRM_SHOP_1', '', '', '', '', '', ''),
	('CRM_ACCOUNT_7', 'CRM_SHOP_1', '피닉스', '피오나', '01012341235', '0632221234', '00000000000', '거래처등록성공');
/*!40000 ALTER TABLE `CRM_ACCOUNT_TB` ENABLE KEYS */;


# Dumping structure for table phoenixooo.CRM_CUSTOMER_TB
CREATE TABLE IF NOT EXISTS `CRM_CUSTOMER_TB` (
  `CUSTOMER_CD` varchar(50) NOT NULL,
  `USER_CD` varchar(50) NOT NULL,
  `SHOP_CD` varchar(50) NOT NULL,
  `CUSTOMER_NM` varchar(50) NOT NULL,
  `CUSTOMER_CELLPHONE_NO` varchar(50) NOT NULL,
  `CUSTOMER_SEX_FL` int(10) NOT NULL,
  `CUSTOMER_FIRST_VISIT_DT` date DEFAULT NULL,
  `CUSTOMER_JOIN_DT` datetime NOT NULL,
  `EMPLOYEE_CD` varchar(50) DEFAULT NULL,
  `EMPLOYEE_NM` varchar(50) DEFAULT NULL,
  `CUSTOMER_BIRTH_DT` date DEFAULT NULL,
  `CUSTOMER_POST_NO` int(10) DEFAULT NULL,
  `CUSTOMER_ADDR` varchar(100) DEFAULT NULL,
  `CUSTOMER_EMAIL_ADDR` varchar(100) DEFAULT NULL,
  `CUSTOMER_ANNIVERSARY_DT` date DEFAULT NULL,
  `CUSTOMER_MEMO` text,
  PRIMARY KEY (`CUSTOMER_CD`)
) ENGINE=MyISAM DEFAULT CHARSET=utf8 COMMENT='CRM 고객테이블';

# Dumping data for table phoenixooo.CRM_CUSTOMER_TB: 5 rows
/*!40000 ALTER TABLE `CRM_CUSTOMER_TB` DISABLE KEYS */;
INSERT INTO `CRM_CUSTOMER_TB` (`CUSTOMER_CD`, `USER_CD`, `SHOP_CD`, `CUSTOMER_NM`, `CUSTOMER_CELLPHONE_NO`, `CUSTOMER_SEX_FL`, `CUSTOMER_FIRST_VISIT_DT`, `CUSTOMER_JOIN_DT`, `EMPLOYEE_CD`, `EMPLOYEE_NM`, `CUSTOMER_BIRTH_DT`, `CUSTOMER_POST_NO`, `CUSTOMER_ADDR`, `CUSTOMER_EMAIL_ADDR`, `CUSTOMER_ANNIVERSARY_DT`, `CUSTOMER_MEMO`) VALUES
	('CRM_CUSTOMER_1', '미용실회원', 'CRM_SHOP_1', '김수현', '0101111111', 0, '2016-08-01', '2016-08-01 11:47:10', '2', '차홍', NULL, NULL, NULL, NULL, NULL, '잘생겼다'),
	('CRM_CUSTOMER_2', 'COM_USER_25', 'CRM_SHOP_1', '전지현', '01000001111', 1, '2016-08-01', '2016-08-01 12:27:10', '1', '루시우', '2016-08-02', 0, '1', '1', '2016-08-01', '좀 이상하게 생겼어요'),
	('CRM_CUSTOMER_5', '미용실회원', 'CRM_SHOP_1', '차이수', '010', 0, NULL, '2016-08-04 17:22:32', NULL, '차홍', NULL, NULL, '', '1111', NULL, '엄청 잘생겼네..'),
	('CRM_CUSTOMER_4', '미용실회원', 'CRM_SHOP_1', '배수지', '222333222', 1, '2016-08-04', '2016-08-01 13:54:59', '3', '메르시', NULL, NULL, '', 'suzi@mail', NULL, '차이수님이랑 잘 어울리시는듯'),
	('CRM_CUSTOMER_3', 'COM_USER_12', 'CRM_SHOP_1', '유아인', '123123123', 0, '2016-08-04', '2016-08-01 13:54:39', '4', '비달사순', NULL, NULL, '', 'test', NULL, '돈 많으신듯한 손님.');
/*!40000 ALTER TABLE `CRM_CUSTOMER_TB` ENABLE KEYS */;


# Dumping structure for table phoenixooo.CRM_EMPLOYEE_TB
CREATE TABLE IF NOT EXISTS `CRM_EMPLOYEE_TB` (
  `EMPLOYEE_CD` varchar(45) NOT NULL,
  `SHOP_CD` varchar(45) NOT NULL,
  `EMPLOYEE_PW` varchar(45) NOT NULL,
  `EMPLOYEE_NM` varchar(45) NOT NULL,
  `EMPLOYEE_BIRTH_DT` date DEFAULT NULL,
  `EMPLOYEE_ADDR` varchar(45) DEFAULT NULL,
  `EMPLOYEE_PHONE_NO` varchar(50) DEFAULT NULL,
  `EMPLOYEE_CELLPHONE_NO` varchar(50) DEFAULT NULL,
  `EMPLOYEE_JOIN_DT` date NOT NULL,
  `EMPLOYEE_MEMO` varchar(1000) DEFAULT NULL,
  `EMPLOYEE_LEVEL_NM` varchar(45) NOT NULL,
  PRIMARY KEY (`EMPLOYEE_CD`)
) ENGINE=MyISAM DEFAULT CHARSET=utf8 COMMENT='직원';

# Dumping data for table phoenixooo.CRM_EMPLOYEE_TB: 6 rows
/*!40000 ALTER TABLE `CRM_EMPLOYEE_TB` DISABLE KEYS */;
INSERT INTO `CRM_EMPLOYEE_TB` (`EMPLOYEE_CD`, `SHOP_CD`, `EMPLOYEE_PW`, `EMPLOYEE_NM`, `EMPLOYEE_BIRTH_DT`, `EMPLOYEE_ADDR`, `EMPLOYEE_PHONE_NO`, `EMPLOYEE_CELLPHONE_NO`, `EMPLOYEE_JOIN_DT`, `EMPLOYEE_MEMO`, `EMPLOYEE_LEVEL_NM`) VALUES
	('CRM_EMPLOYEE_1', 'CRM_SHOP_1', '2222', '존', '2016-08-02', '전주', '0632877795', '01077317795', '2016-08-02', '유후', '원장'),
	('CRM_EMPLOYEE_2', 'CRM_SHOP_1', '2222', '비와이', '2016-07-22', '대전', '02147483647', '01059687451', '2016-07-22', '', '사원'),
	('CRM_EMPLOYEE_3', 'CRM_SHOP_2', '2332', '토마스', '2016-07-22', '대천', '02147483647', '01059687454', '2016-07-22', '', '매니저'),
	('CRM_EMPLOYEE_4', 'CRM_SHOP_2', '1111', 'TOM', '0000-00-00', '', '', '', '2016-08-01', '', '원장'),
	('CRM_EMPLOYEE_5', 'CRM_SHOP_3', '2222', '김원중', NULL, NULL, NULL, NULL, '2016-08-02', NULL, '원장'),
	('CRM_EMPLOYEE_6', 'CRM_SHOP_1', '1111', '겐지', '2016-08-05', '전주', '123123123123', '123123123', '2016-08-05', NULL, '사원');
/*!40000 ALTER TABLE `CRM_EMPLOYEE_TB` ENABLE KEYS */;


# Dumping structure for table phoenixooo.CRM_ETC_COSTLIST_TB
CREATE TABLE IF NOT EXISTS `CRM_ETC_COSTLIST_TB` (
  `ETC_COSTLIST_CD` varchar(50) NOT NULL,
  `SHOP_CD` varchar(50) NOT NULL,
  `ETC_COST_CD` varchar(50) NOT NULL,
  `ETC_COST_TYPE_NM` varchar(50) NOT NULL,
  `ETC_COST_DT` datetime NOT NULL,
  `ETC_COST_WON` int(11) NOT NULL,
  `ETC_COST_MEMO` varchar(5000) NOT NULL,
  PRIMARY KEY (`ETC_COSTLIST_CD`)
) ENGINE=MyISAM DEFAULT CHARSET=utf8 COMMENT='기타지출';

# Dumping data for table phoenixooo.CRM_ETC_COSTLIST_TB: 4 rows
/*!40000 ALTER TABLE `CRM_ETC_COSTLIST_TB` DISABLE KEYS */;
INSERT INTO `CRM_ETC_COSTLIST_TB` (`ETC_COSTLIST_CD`, `SHOP_CD`, `ETC_COST_CD`, `ETC_COST_TYPE_NM`, `ETC_COST_DT`, `ETC_COST_WON`, `ETC_COST_MEMO`) VALUES
	('CRM_ETC_COSTLIST_1', 'CRM_SHOP_1', 'CRM_ETC_COST_1', '전기요금', '2016-07-22 14:13:04', 120000, '적당히 나옴'),
	('CRM_ETC_COSTLIST_2', 'CRM_SHOP_2', 'CRM_ETC_COST_2', '수도요금', '2016-07-22 14:13:45', 100000, '많이 나옴, 절약해야됨'),
	('CRM_ETC_COSTLIST_3', 'CRM_SHOP_3', 'CRM_ETC_COST_3', '믹스커피', '2016-07-22 14:14:31', 100000, '전월 대비 평균유지중'),
	('CRM_ETC_COSTLIST_4', 'CRM_SHOP_4', 'CRM_ETC_COST_3', '종이컵', '2016-08-01 11:55:50', 0, '분홍색으로');
/*!40000 ALTER TABLE `CRM_ETC_COSTLIST_TB` ENABLE KEYS */;


# Dumping structure for table phoenixooo.CRM_ETC_COSTTYPE_TB
CREATE TABLE IF NOT EXISTS `CRM_ETC_COSTTYPE_TB` (
  `ETC_COSTTYPE_CD` varchar(50) NOT NULL,
  `SHOP_CD` varchar(50) NOT NULL,
  `ETC_COST_CD` varchar(50) NOT NULL,
  `ETC_COST_NM` varchar(50) NOT NULL,
  `ETC_COST_TYPE_NM` varchar(50) NOT NULL,
  PRIMARY KEY (`ETC_COSTTYPE_CD`)
) ENGINE=MyISAM DEFAULT CHARSET=utf8 COMMENT='기타지출세부항목';

# Dumping data for table phoenixooo.CRM_ETC_COSTTYPE_TB: 7 rows
/*!40000 ALTER TABLE `CRM_ETC_COSTTYPE_TB` DISABLE KEYS */;
INSERT INTO `CRM_ETC_COSTTYPE_TB` (`ETC_COSTTYPE_CD`, `SHOP_CD`, `ETC_COST_CD`, `ETC_COST_NM`, `ETC_COST_TYPE_NM`) VALUES
	('CRM_ETC_COSTTYPE_1', 'CRM_SHOP_1', 'CRM_ETC_COST_1', '세금', '수도'),
	('CRM_ETC_COSTTYPE_2', 'CRM_SHOP_1', 'CRM_ETC_COST_1', '세금', '전기'),
	('CRM_ETC_COSTTYPE_3', 'CRM_SHOP_1', 'CRM_ETC_COST_5', '커피', '맥심'),
	('CRM_ETC_COSTTYPE_6', 'CRM_SHOP_1', 'CRM_ETC_COST_6', '잡지', '보그'),
	('CRM_ETC_COSTTYPE_7', 'CRM_SHOP_1', 'CRM_ETC_COST_3', '비품', '물컵'),
	('CRM_ETC_COSTTYPE_8', 'CRM_SHOP_1', 'CRM_ETC_COST_5', '커피', '티오피'),
	('CRM_ETC_COSTTYPE_9', 'CRM_SHOP_1', 'CRM_ETC_COST_6', '잡지', '에스콰이아');
/*!40000 ALTER TABLE `CRM_ETC_COSTTYPE_TB` ENABLE KEYS */;


# Dumping structure for table phoenixooo.CRM_ETC_COST_TB
CREATE TABLE IF NOT EXISTS `CRM_ETC_COST_TB` (
  `ETC_COST_CD` varchar(50) NOT NULL,
  `SHOP_CD` varchar(50) NOT NULL,
  `ETC_COST_NM` varchar(50) NOT NULL,
  PRIMARY KEY (`ETC_COST_CD`)
) ENGINE=MyISAM DEFAULT CHARSET=utf8 COMMENT='기타지출항목';

# Dumping data for table phoenixooo.CRM_ETC_COST_TB: 6 rows
/*!40000 ALTER TABLE `CRM_ETC_COST_TB` DISABLE KEYS */;
INSERT INTO `CRM_ETC_COST_TB` (`ETC_COST_CD`, `SHOP_CD`, `ETC_COST_NM`) VALUES
	('CRM_ETC_COST_1', 'CRM_SHOP_1', '세금'),
	('CRM_ETC_COST_2', 'CRM_SHOP_1', '미용실용품'),
	('CRM_ETC_COST_3', 'CRM_SHOP_1', '비품'),
	('CRM_ETC_COST_4', 'CRM_SHOP_2', '커피'),
	('CRM_ETC_COST_6', 'CRM_SHOP_1', '잡지'),
	('CRM_ETC_COST_5', 'CRM_SHOP_1', '커피');
/*!40000 ALTER TABLE `CRM_ETC_COST_TB` ENABLE KEYS */;


# Dumping structure for table phoenixooo.CRM_GOODS_ORDER_TB
CREATE TABLE IF NOT EXISTS `CRM_GOODS_ORDER_TB` (
  `ORDER_CD` varchar(45) NOT NULL,
  `SHOP_CD` varchar(45) NOT NULL,
  `EMPLOYEE_CD` varchar(45) NOT NULL,
  `ACCOUNT_CD` varchar(45) NOT NULL,
  `GOODS_CD` varchar(45) NOT NULL,
  `ORDER_DT` datetime NOT NULL,
  `ORDER_EMPLOYEE_NM` varchar(45) NOT NULL,
  `CHARGER_NM` varchar(45) NOT NULL,
  `GOODS_QUANTITY_NO` int(11) NOT NULL,
  `ORDER_ST` varchar(45) NOT NULL,
  PRIMARY KEY (`ORDER_CD`)
) ENGINE=MyISAM DEFAULT CHARSET=utf8 COMMENT='미용용품주문';

# Dumping data for table phoenixooo.CRM_GOODS_ORDER_TB: 4 rows
/*!40000 ALTER TABLE `CRM_GOODS_ORDER_TB` DISABLE KEYS */;
INSERT INTO `CRM_GOODS_ORDER_TB` (`ORDER_CD`, `SHOP_CD`, `EMPLOYEE_CD`, `ACCOUNT_CD`, `GOODS_CD`, `ORDER_DT`, `ORDER_EMPLOYEE_NM`, `CHARGER_NM`, `GOODS_QUANTITY_NO`, `ORDER_ST`) VALUES
	('CRM_ORDER_1', 'CRM_SHOP_1', 'CRM_EMPLOYEE_1', 'CRM_ACCOUNT_1', 'CRM_GOODS_1', '2016-07-22 12:42:13', '2016_07_22', '이승주', 30, '주문완료'),
	('CRM_ORDER_2', 'CRM_SHOP_2', 'CRM_EMPLOYEE_2', 'CRM_ACCOUNT_2', 'CRM_GOODS_2', '2016-07-22 13:55:52', '2016_07_22', '이승주', 30, '주문완료'),
	('CRM_ORDER_3', 'CRM_SHOP_3', 'CRM_EMPLOYEE_3', 'CRM_ACCOUNT_3', 'CRM_GOODS_3', '2016-07-22 13:59:20', '2016_07_22', '이승주', 30, '주문완료'),
	('CRM_ORDER_4', 'CRM_SHOP_1', 'CRM_EMPLOYEE_1', 'CRM_ACCOUNT_1', 'CRM_GOODS_1', '2016-07-22 15:45:26', '2016_07_22', '이승주', 30, '주문완료');
/*!40000 ALTER TABLE `CRM_GOODS_ORDER_TB` ENABLE KEYS */;


# Dumping structure for table phoenixooo.CRM_GOODS_PAYMENT_TB
CREATE TABLE IF NOT EXISTS `CRM_GOODS_PAYMENT_TB` (
  `PAYMENT_CD` varchar(45) NOT NULL,
  `STOCK_CD` varchar(45) NOT NULL,
  `PAYMENT_DT` datetime NOT NULL,
  `EMPLOYEE_NM` varchar(45) NOT NULL,
  `PAYMENT_MEMO` varchar(45) DEFAULT NULL,
  PRIMARY KEY (`PAYMENT_CD`)
) ENGINE=MyISAM DEFAULT CHARSET=utf8 COMMENT='미용용품결제';

# Dumping data for table phoenixooo.CRM_GOODS_PAYMENT_TB: 4 rows
/*!40000 ALTER TABLE `CRM_GOODS_PAYMENT_TB` DISABLE KEYS */;
INSERT INTO `CRM_GOODS_PAYMENT_TB` (`PAYMENT_CD`, `STOCK_CD`, `PAYMENT_DT`, `EMPLOYEE_NM`, `PAYMENT_MEMO`) VALUES
	('CRM_GOODS_PAYMENT_1', 'CRM_GOODS_STOCK_1', '2016-07-22 14:08:43', '이승주', '이상무'),
	('CRM_GOODS_PAYMENT_2', 'CRM_GOODS_STOCK_3', '2016-07-22 14:11:51', '이승주', '이상무'),
	('CRM_GOODS_PAYMENT_3', 'CRM_GOODS_STOCK_4', '2016-07-22 14:12:34', '이승주', '이상무'),
	('CRM_GOODS_PAYMENT_4', 'CRM_GOODS_STOCK_1', '2016-08-05 10:02:59', '존', 'sdfs');
/*!40000 ALTER TABLE `CRM_GOODS_PAYMENT_TB` ENABLE KEYS */;


# Dumping structure for table phoenixooo.CRM_GOODS_RETURN_TB
CREATE TABLE IF NOT EXISTS `CRM_GOODS_RETURN_TB` (
  `RETURN_CD` varchar(50) NOT NULL,
  `STOCK_CD` varchar(50) NOT NULL,
  `ACCOUNT_CD` varchar(50) NOT NULL,
  `SHOP_CD` varchar(50) NOT NULL,
  `USER_CD` varchar(50) NOT NULL,
  `GOODS_CD` varchar(50) NOT NULL,
  `RETURN_QUANTITY_NO` int(11) NOT NULL,
  `RETURN_REASON_CTT` text NOT NULL,
  `RETURN_DT` datetime NOT NULL,
  `RETURN_ST` varchar(50) NOT NULL,
  `ORDER_QUANTITY_NO` int(11) NOT NULL,
  `PAYMENT_MEMO` varchar(5000) DEFAULT NULL,
  PRIMARY KEY (`RETURN_CD`)
) ENGINE=MyISAM DEFAULT CHARSET=utf8 COMMENT='미용용품반품';

# Dumping data for table phoenixooo.CRM_GOODS_RETURN_TB: 3 rows
/*!40000 ALTER TABLE `CRM_GOODS_RETURN_TB` DISABLE KEYS */;
INSERT INTO `CRM_GOODS_RETURN_TB` (`RETURN_CD`, `STOCK_CD`, `ACCOUNT_CD`, `SHOP_CD`, `USER_CD`, `GOODS_CD`, `RETURN_QUANTITY_NO`, `RETURN_REASON_CTT`, `RETURN_DT`, `RETURN_ST`, `ORDER_QUANTITY_NO`, `PAYMENT_MEMO`) VALUES
	('CRM_GOODS_RETURN_1', 'CRM_GOODS_STOCK_1', 'CRM_ACCOUNT_1', 'CRM_SHOP_1', 'COM_USER_1', 'CRM_GOODS_1', 30, '유통기한 지남', '2016-07-22 14:22:24', '미처리', 100, ''),
	('CRM_GOODS_RETURN_2', 'CRM_GOODS_STOCK_2', 'CRM_ACCOUNT_2', 'CRM_SHOP_2', 'COM_USER_2', 'CRM_GOODS_2', 30, '유통기한 지남', '2016-07-22 14:24:04', '미처리', 100, ''),
	('CRM_GOODS_RETURN_3', 'CRM_GOODS_STOCK_3', 'CRM_ACCOUNT_3', 'CRM_SHOP_3', 'COM_USER_3', 'CRM_GOODS_3', 30, '유통기한 지남', '2016-07-22 14:24:18', '미처리', 100, '');
/*!40000 ALTER TABLE `CRM_GOODS_RETURN_TB` ENABLE KEYS */;


# Dumping structure for table phoenixooo.CRM_GOODS_SALE_TB
CREATE TABLE IF NOT EXISTS `CRM_GOODS_SALE_TB` (
  `GOODS_SALE_CD` varchar(50) NOT NULL,
  `STOCK_CD` varchar(50) NOT NULL,
  `SHOP_CD` varchar(50) NOT NULL,
  `EMPLOYEE_CD` varchar(50) NOT NULL,
  `USER_CD` varchar(50) NOT NULL,
  `POINT_CD` varchar(50) NOT NULL,
  `GOODS_CD` varchar(50) NOT NULL,
  `GOODS_QUANTITY_NO` int(11) NOT NULL,
  `PAYMENT_TYPE_GB` varchar(50) NOT NULL,
  `GOODS_SALE_DT` datetime NOT NULL,
  `DISCOUNT_FL` int(11) NOT NULL,
  `SALE_WON` int(11) NOT NULL,
  PRIMARY KEY (`GOODS_SALE_CD`)
) ENGINE=MyISAM DEFAULT CHARSET=utf8 COMMENT='미용용품판매';

# Dumping data for table phoenixooo.CRM_GOODS_SALE_TB: 3 rows
/*!40000 ALTER TABLE `CRM_GOODS_SALE_TB` DISABLE KEYS */;
INSERT INTO `CRM_GOODS_SALE_TB` (`GOODS_SALE_CD`, `STOCK_CD`, `SHOP_CD`, `EMPLOYEE_CD`, `USER_CD`, `POINT_CD`, `GOODS_CD`, `GOODS_QUANTITY_NO`, `PAYMENT_TYPE_GB`, `GOODS_SALE_DT`, `DISCOUNT_FL`, `SALE_WON`) VALUES
	('CRM_GOODS_SALE_1', 'CRM_GOODS_STOCK_1', 'CRM_SHOP_1', 'CRM_EMPLOYEE_1', 'COM_USER_15', 'CRM_POINT_1', 'CRM_GOODS_1', 30, '현금', '2016-07-22 14:30:15', 10, 110000),
	('CRM_GOODS_SALE_2', 'CRM_GOODS_STOCK_2', 'CRM_SHOP_2', 'CRM_EMPLOYEE_2', 'COM_USER_5', 'CRM_POINT_2', 'CRM_GOODS_2', 30, '현금', '2016-07-22 14:31:37', 10, 110000),
	('CRM_GOODS_SALE_3', 'CRM_GOODS_STOCK_3', 'CRM_SHOP_3', 'CRM_EMPLOYEE_3', 'COM_USER_33', 'CRM_POINT_3', 'CRM_GOODS_3', 30, '현금', '2016-07-22 14:31:48', 10, 110000);
/*!40000 ALTER TABLE `CRM_GOODS_SALE_TB` ENABLE KEYS */;


# Dumping structure for table phoenixooo.CRM_GOODS_STOCK_TB
CREATE TABLE IF NOT EXISTS `CRM_GOODS_STOCK_TB` (
  `STOCK_CD` varchar(45) NOT NULL,
  `ACCOUNT_CD` varchar(45) NOT NULL,
  `SHOP_CD` varchar(45) NOT NULL,
  `EMPLOYEE_CD` varchar(45) NOT NULL,
  `GOODS_CD` varchar(45) NOT NULL,
  `STOCK_DT` datetime NOT NULL,
  `GOODS_QUANTITY_NO` int(11) NOT NULL,
  PRIMARY KEY (`STOCK_CD`)
) ENGINE=MyISAM DEFAULT CHARSET=utf8 COMMENT='미용용품입고';

# Dumping data for table phoenixooo.CRM_GOODS_STOCK_TB: 3 rows
/*!40000 ALTER TABLE `CRM_GOODS_STOCK_TB` DISABLE KEYS */;
INSERT INTO `CRM_GOODS_STOCK_TB` (`STOCK_CD`, `ACCOUNT_CD`, `SHOP_CD`, `EMPLOYEE_CD`, `GOODS_CD`, `STOCK_DT`, `GOODS_QUANTITY_NO`) VALUES
	('CRM_GOODS_STOCK_1', 'CRM_ACCOUNT_1', 'CRM_SHOP_1', 'CRM_EMPLOYEE_1', 'CRM_GOODS_4', '2016-07-22 14:03:12', 2),
	('CRM_GOODS_STOCK_2', 'CRM_ACCOUNT_2', 'CRM_SHOP_2', 'CRM_EMPLOYEE_2', 'CRM_GOODS_2', '2016-07-22 14:03:32', 30),
	('CRM_GOODS_STOCK_3', 'CRM_ACCOUNT_1', 'CRM_SHOP_1', 'CRM_EMPLOYEE_2', 'CRM_GOODS_2', '2016-08-03 16:10:31', 3);
/*!40000 ALTER TABLE `CRM_GOODS_STOCK_TB` ENABLE KEYS */;


# Dumping structure for table phoenixooo.CRM_GOODS_TB
CREATE TABLE IF NOT EXISTS `CRM_GOODS_TB` (
  `GOODS_CD` varchar(45) NOT NULL,
  `SHOP_CD` varchar(45) NOT NULL,
  `EMPLOYEE_CD` varchar(45) NOT NULL,
  `ACCOUNT_CD` varchar(45) NOT NULL,
  `GOODS_NM` varchar(45) NOT NULL,
  `BUYING_GOODS_UNIT_WON` int(11) NOT NULL,
  `SALE_GOODS_UNIT_WON` int(11) NOT NULL,
  `GOODS_MEMO` varchar(45) DEFAULT NULL,
  PRIMARY KEY (`GOODS_CD`)
) ENGINE=MyISAM DEFAULT CHARSET=utf8 COMMENT='미용용품단가';

# Dumping data for table phoenixooo.CRM_GOODS_TB: 5 rows
/*!40000 ALTER TABLE `CRM_GOODS_TB` DISABLE KEYS */;
INSERT INTO `CRM_GOODS_TB` (`GOODS_CD`, `SHOP_CD`, `EMPLOYEE_CD`, `ACCOUNT_CD`, `GOODS_NM`, `BUYING_GOODS_UNIT_WON`, `SALE_GOODS_UNIT_WON`, `GOODS_MEMO`) VALUES
	('CRM_GOODS_1', 'CRM_SHOP_2', 'CRM_EMPLOYEE_1', 'CRM_ACCOUNT_2', '댕기머리샴푸', 10000, 30000, ''),
	('CRM_GOODS_2', 'CRM_SHOP_1', 'CRM_EMPLOYEE_1', 'CRM_ACCOUNT_1', '샴푸', 11000, 40000, ''),
	('CRM_GOODS_3', 'CRM_SHOP_2', 'CRM_EMPLOYEE_2', 'CRM_ACCOUNT_2', '강한왁스', 9000, 20000, ''),
	('CRM_GOODS_4', 'CRM_SHOP_1', 'CRM_EMPLOYEE_2', 'CRM_ACCOUNT_2', '댕기머리샴푸', 20000, 45000, ''),
	('CRM_GOODS_5', 'CRM_SHOP_3', 'CRM_EMPLOYEE_4', 'CRM_ACCOUNT_1', '기본샴푸', 0, 0, '');
/*!40000 ALTER TABLE `CRM_GOODS_TB` ENABLE KEYS */;


# Dumping structure for table phoenixooo.CRM_GOODS_USE_TB
CREATE TABLE IF NOT EXISTS `CRM_GOODS_USE_TB` (
  `GOODS_USE_CD` varchar(50) NOT NULL,
  `SHOP_CD` varchar(50) NOT NULL,
  `EMPLOYEE_CD` varchar(50) NOT NULL,
  `ACCOUNT_CD` varchar(50) NOT NULL,
  `GOODS_CD` varchar(50) NOT NULL,
  `GOODS_USE_QUANTITY_NO` int(11) NOT NULL,
  `GOODS_USE_DT` datetime NOT NULL,
  `GOODS_USE_MEMO` varchar(5000) DEFAULT NULL,
  PRIMARY KEY (`GOODS_USE_CD`)
) ENGINE=MyISAM DEFAULT CHARSET=utf8 COMMENT='미용용품사용내역';

# Dumping data for table phoenixooo.CRM_GOODS_USE_TB: 4 rows
/*!40000 ALTER TABLE `CRM_GOODS_USE_TB` DISABLE KEYS */;
INSERT INTO `CRM_GOODS_USE_TB` (`GOODS_USE_CD`, `SHOP_CD`, `EMPLOYEE_CD`, `ACCOUNT_CD`, `GOODS_CD`, `GOODS_USE_QUANTITY_NO`, `GOODS_USE_DT`, `GOODS_USE_MEMO`) VALUES
	('CRM_GOODS_USE_1', 'CRM_SHOP_1', 'CRM_EMPLOYEE_1', 'CRM_ACCOUNT_1', 'CRM_GOODS_1', 30, '2016-07-22 14:35:08', '이상없음'),
	('CRM_GOODS_USE_2', 'CRM_SHOP_2', 'CRM_EMPLOYEE_2', 'CRM_ACCOUNT_1', 'CRM_GOODS_2', 30, '2016-07-22 14:36:22', '이상없음'),
	('CRM_GOODS_USE_3', 'CRM_SHOP_3', 'CRM_EMPLOYEE_3', 'CRM_ACCOUNT_1', 'CRM_GOODS_3', 30, '2016-07-22 14:36:53', '이상없음'),
	('CRM_GOODS_USE_4', 'CRM_SHOP_1', 'CRM_EMPLOYEE_1', 'CRM_ACCOUNT_1', 'CRM_GOODS_2', 3, '2016-08-05 09:24:50', 'ㄴㅇㄹㄴㅇㄹ');
/*!40000 ALTER TABLE `CRM_GOODS_USE_TB` ENABLE KEYS */;


# Dumping structure for table phoenixooo.CRM_ITEM_DESIGN_TB
CREATE TABLE IF NOT EXISTS `CRM_ITEM_DESIGN_TB` (
  `ITEMDESIGN_CD` varchar(45) NOT NULL,
  `SHOP_CD` varchar(45) NOT NULL,
  `ITEM_CD` varchar(45) NOT NULL,
  `ITEMDESIGN_NM` varchar(45) NOT NULL,
  `ITEMDESIGN_WON` int(11) NOT NULL,
  `ITEMDESIGN_REGISTE_DT` datetime NOT NULL,
  PRIMARY KEY (`ITEMDESIGN_CD`)
) ENGINE=MyISAM DEFAULT CHARSET=utf8 COMMENT='시술디자인';

# Dumping data for table phoenixooo.CRM_ITEM_DESIGN_TB: 8 rows
/*!40000 ALTER TABLE `CRM_ITEM_DESIGN_TB` DISABLE KEYS */;
INSERT INTO `CRM_ITEM_DESIGN_TB` (`ITEMDESIGN_CD`, `SHOP_CD`, `ITEM_CD`, `ITEMDESIGN_NM`, `ITEMDESIGN_WON`, `ITEMDESIGN_REGISTE_DT`) VALUES
	('CRM_ITEM_DESIGN_3', 'CRM_SHOP_3', 'CRM_ITEM_3', '어른컷', 14000, '2011-00-00 00:00:00'),
	('CRM_ITEM_DESIGN_9', 'CRM_SHOP_1', 'CRM_ITEM_1', '드래드 펌', 200000, '2016-08-02 17:29:31'),
	('CRM_ITEM_DESIGN_8', 'CRM_SHOP_1', 'CRM_ITEM_2', '샤기컷', 20000, '2016-08-02 13:17:39'),
	('CRM_ITEM_DESIGN_5', 'CRM_SHOP_1', 'CRM_ITEM_1', '테스트펌', 130000, '2016-08-02 13:16:32'),
	('CRM_ITEM_DESIGN_4', 'CRM_SHOP_1', 'CRM_ITEM_2', '투블럭 컷', 13000, '2016-08-02 13:13:36'),
	('CRM_ITEM_DESIGN_10', 'CRM_SHOP_1', 'CRM_ITEM_4', '헤어케어1', 1000000, '2016-08-05 12:30:53'),
	('CRM_ITEM_DESIGN_11', 'CRM_SHOP_1', 'CRM_ITEM_4', '헤어케어2', 2000000, '2016-08-05 12:31:00'),
	('CRM_ITEM_DESIGN_12', 'CRM_SHOP_1', 'CRM_ITEM_4', '호구전용', 130000000, '2016-08-05 12:31:39');
/*!40000 ALTER TABLE `CRM_ITEM_DESIGN_TB` ENABLE KEYS */;


# Dumping structure for table phoenixooo.CRM_ITEM_TB
CREATE TABLE IF NOT EXISTS `CRM_ITEM_TB` (
  `ITEM_CD` varchar(45) NOT NULL,
  `SHOP_CD` varchar(45) NOT NULL,
  `ITEM_NM` varchar(45) NOT NULL,
  `ITEM_REGISTE_DT` datetime NOT NULL,
  PRIMARY KEY (`ITEM_CD`)
) ENGINE=MyISAM DEFAULT CHARSET=utf8 COMMENT='시술품목';

# Dumping data for table phoenixooo.CRM_ITEM_TB: 4 rows
/*!40000 ALTER TABLE `CRM_ITEM_TB` DISABLE KEYS */;
INSERT INTO `CRM_ITEM_TB` (`ITEM_CD`, `SHOP_CD`, `ITEM_NM`, `ITEM_REGISTE_DT`) VALUES
	('CRM_ITEM_1', 'CRM_SHOP_1', '파마', '2011-01-01 00:00:00'),
	('CRM_ITEM_2', 'CRM_SHOP_1', '컷', '2012-01-01 00:00:00'),
	('CRM_ITEM_3', 'CRM_SHOP_3', '염색', '2013-01-02 00:00:00'),
	('CRM_ITEM_4', 'CRM_SHOP_1', '헤어케어', '2016-08-05 12:30:41');
/*!40000 ALTER TABLE `CRM_ITEM_TB` ENABLE KEYS */;


# Dumping structure for table phoenixooo.CRM_LEVEL_TB
CREATE TABLE IF NOT EXISTS `CRM_LEVEL_TB` (
  `LEVEL_CD` varchar(45) NOT NULL,
  `SHOP_CD` varchar(45) NOT NULL,
  `EMPLOYEE_CD` varchar(45) NOT NULL,
  `BUSINESS_MANAGEMENT_FL` int(11) NOT NULL,
  `CUSTOMER_MANAGEMENT_FL` int(11) NOT NULL,
  `MARKETTING__MANAGEMENT_FL` int(11) NOT NULL,
  `COST__MANAGEMENT_FL` int(11) NOT NULL,
  `EMPLOYEE_MNG_FL` int(11) NOT NULL,
  `SALES__MANAGEMENT_FL` int(11) NOT NULL,
  PRIMARY KEY (`LEVEL_CD`)
) ENGINE=MyISAM DEFAULT CHARSET=utf8 COMMENT='접근권한';

# Dumping data for table phoenixooo.CRM_LEVEL_TB: 3 rows
/*!40000 ALTER TABLE `CRM_LEVEL_TB` DISABLE KEYS */;
INSERT INTO `CRM_LEVEL_TB` (`LEVEL_CD`, `SHOP_CD`, `EMPLOYEE_CD`, `BUSINESS_MANAGEMENT_FL`, `CUSTOMER_MANAGEMENT_FL`, `MARKETTING__MANAGEMENT_FL`, `COST__MANAGEMENT_FL`, `EMPLOYEE_MNG_FL`, `SALES__MANAGEMENT_FL`) VALUES
	('CRM_LEVEL_1', 'CRM_SHOP_1', 'CRM_EMPLOYEE_1', 0, 1, 1, 1, 0, 0),
	('CRM_LEVEL_2', 'CRM_SHOP_2', 'CRM_EMPLOYEE_2', 1, 1, 1, 1, 0, 0),
	('CRM_LEVEL_3', 'CRM_SHOP_3', 'CRM_EMPLOYEE_3', 1, 1, 1, 0, 0, 0);
/*!40000 ALTER TABLE `CRM_LEVEL_TB` ENABLE KEYS */;


# Dumping structure for table phoenixooo.CRM_PAYMENT_TB
CREATE TABLE IF NOT EXISTS `CRM_PAYMENT_TB` (
  `PAYMENT_CD` varchar(45) NOT NULL,
  `SHOP_CD` varchar(45) NOT NULL,
  `EMPLOYEE_CD` varchar(45) NOT NULL,
  `USER_CD` varchar(45) NOT NULL,
  `POINT_CD` varchar(45) DEFAULT NULL,
  `ITEMDESIGN_CD` varchar(45) NOT NULL,
  `USER_NM` varchar(45) NOT NULL,
  `EMPLOYEE_NM` varchar(45) NOT NULL,
  `ITEMDESIGN_NM` varchar(45) NOT NULL,
  `PAYMENT_TYPE_GB` varchar(45) NOT NULL,
  `PAYMENT_TOTAL_WON` int(11) NOT NULL,
  `PAYMENT_DT` date NOT NULL,
  `PAYMENT_MEMO` text,
  PRIMARY KEY (`PAYMENT_CD`)
) ENGINE=MyISAM DEFAULT CHARSET=utf8 COMMENT='CRM결제';

# Dumping data for table phoenixooo.CRM_PAYMENT_TB: 9 rows
/*!40000 ALTER TABLE `CRM_PAYMENT_TB` DISABLE KEYS */;
INSERT INTO `CRM_PAYMENT_TB` (`PAYMENT_CD`, `SHOP_CD`, `EMPLOYEE_CD`, `USER_CD`, `POINT_CD`, `ITEMDESIGN_CD`, `USER_NM`, `EMPLOYEE_NM`, `ITEMDESIGN_NM`, `PAYMENT_TYPE_GB`, `PAYMENT_TOTAL_WON`, `PAYMENT_DT`, `PAYMENT_MEMO`) VALUES
	('CRM_PAYMENT_1', 'CRM_SHOP_1', 'CRM_EMPLOYEE_1', 'COM_USER_1', 'CRM_POINT_1', 'CRM_ITEM_DESIGN_1', '구아란', '겐지', '아놀드파마', '현금', 50000, '2016-07-22', NULL),
	('CRM_PAYMENT_2', 'CRM_SHOP_1', 'CRM_EMPLOYEE_3', 'COM_USER_2', 'CRM_POINT_1', 'CRM_ITEM_DESIGN_1', '이승주', '라인하르트', '아놀드파마', '카드', 30000, '2016-07-22', NULL),
	('CRM_PAYMENT_3', 'CRM_SHOP_1', 'CRM_EMPLOYEE_3', 'COM_USER_3', 'CRM_POINT_2', 'CRM_ITEM_DESIGN_2', '신복기', '라인하르트', '파뿌리염색', '현금', 300000, '2016-08-03', NULL),
	('CRM_PAYMENT_4', 'CRM_SHOP_1', 'CRM_EMPLOYEE_3', 'COM_USER_4', 'CRM_POINT_3', 'CRM_ITEM_DESIGN_2', '차이수', '라인하르트', '파뿌리염색', '현금', 300000, '2016-08-03', NULL),
	('CRM_PAYMENT_5', 'CRM_SHOP_1', 'CRM_EMPLOYEE_1', 'COM_USER_4', NULL, 'CRM_ITEM_DESIGN_9', '차이수', '겐지', '드래드 펌', '카드', 200000, '2016-08-05', NULL),
	('CRM_PAYMENT_6', 'CRM_SHOP_1', 'CRM_EMPLOYEE_4', 'COM_USER_23', NULL, 'CRM_ITEM_DESIGN_12', '강재욱', '파라', '셋팅펌', '카드', 250000, '2016-08-05', NULL),
	('CRM_PAYMENT_7', 'CRM_SHOP_1', 'CRM_EMPLOYEE_5', 'COM_USER_24', NULL, 'CRM_ITEM_DESIGN_2', '이승주', '디바', '파뿌리염색', '현금', 300000, '2016-08-05', NULL),
	('CRM_PAYMENT_8', 'CRM_SHOP_1', 'CRM_EMPLOYEE_6', 'COM_USER_24', NULL, 'CRM_ITEM_DESIGN_12', '이승주', '류승룡', '셋팅펌', '현금', 250000, '2016-08-05', NULL),
	('CRM_PAYMENT_9', 'CRM_SHOP_1', 'CRM_EMPLOYEE_6', 'COM_USER_25', NULL, 'CRM_ITEM_DESIGN_12', '가로쉬', '류승룡', '셋팅펌', '현금', 250000, '2016-08-05', NULL);
/*!40000 ALTER TABLE `CRM_PAYMENT_TB` ENABLE KEYS */;


# Dumping structure for table phoenixooo.CRM_POINT_TB
CREATE TABLE IF NOT EXISTS `CRM_POINT_TB` (
  `POINT_CD` varchar(50) NOT NULL,
  `SHOP_CD` varchar(50) NOT NULL,
  `ITEM_CD` varchar(50) NOT NULL,
  `ITEMDESIGN_CD` varchar(45) NOT NULL,
  `ITEM_NM` varchar(45) DEFAULT NULL,
  `POINT_PAYCASH_NO` int(11) NOT NULL,
  `POINT_PAYCARD_NO` int(11) NOT NULL,
  `POINT_PAYRECEIPT_NO` int(11) NOT NULL,
  PRIMARY KEY (`POINT_CD`)
) ENGINE=MyISAM DEFAULT CHARSET=utf8 COMMENT='적립포인트';

# Dumping data for table phoenixooo.CRM_POINT_TB: 3 rows
/*!40000 ALTER TABLE `CRM_POINT_TB` DISABLE KEYS */;
INSERT INTO `CRM_POINT_TB` (`POINT_CD`, `SHOP_CD`, `ITEM_CD`, `ITEMDESIGN_CD`, `ITEM_NM`, `POINT_PAYCASH_NO`, `POINT_PAYCARD_NO`, `POINT_PAYRECEIPT_NO`) VALUES
	('CRM_POINT_1', 'CRM_SHOP_1', 'CRM_ITEM_1', 'CRM_ITEM_DESIGN_1', '파마', 10, 5, 5),
	('CRM_POINT_2', 'CRM_SHOP_2', 'CRM_ITEM_2', 'CRM_ITEM_DESIGN_2', '컷', 5, 2, 2),
	('CRM_POINT_3', 'CRM_SHOP_3', 'CRM_ITEM_3', 'CRM_ITEM_DESIGN_3', '염색', 5, 2, 2);
/*!40000 ALTER TABLE `CRM_POINT_TB` ENABLE KEYS */;


# Dumping structure for table phoenixooo.CRM_RESERVATION_TB
CREATE TABLE IF NOT EXISTS `CRM_RESERVATION_TB` (
  `RESERVATION_CD` varchar(45) NOT NULL,
  `SHOP_CD` varchar(45) NOT NULL,
  `EMPLOYEE_CD` varchar(45) NOT NULL,
  `USER_CD` varchar(45) NOT NULL,
  `ITEMDESIGN_CD` varchar(45) NOT NULL,
  `USER_NM` varchar(45) NOT NULL,
  `EMPLOYEE_NM` varchar(45) NOT NULL,
  `ITEMDESIGN_NM` varchar(45) NOT NULL,
  `RESERVATION_DT` datetime NOT NULL,
  `RESERVATION_TIME_DT` datetime NOT NULL,
  `RESERVATION_ST` varchar(45) NOT NULL,
  `CANCLE_DT` datetime NOT NULL,
  PRIMARY KEY (`RESERVATION_CD`)
) ENGINE=MyISAM DEFAULT CHARSET=utf8 COMMENT='예약';

# Dumping data for table phoenixooo.CRM_RESERVATION_TB: 3 rows
/*!40000 ALTER TABLE `CRM_RESERVATION_TB` DISABLE KEYS */;
INSERT INTO `CRM_RESERVATION_TB` (`RESERVATION_CD`, `SHOP_CD`, `EMPLOYEE_CD`, `USER_CD`, `ITEMDESIGN_CD`, `USER_NM`, `EMPLOYEE_NM`, `ITEMDESIGN_NM`, `RESERVATION_DT`, `RESERVATION_TIME_DT`, `RESERVATION_ST`, `CANCLE_DT`) VALUES
	('CRM_RESERVATION_1', 'CRM_SHOP_1', 'CRM_EMPLOYEE_1', 'COM_USER_10', 'CRM_ITEM_DESIGN_1', '김원중', '가인', '디자인컷', '2016-07-22 12:38:05', '2016-07-22 12:38:05', '취소', '2016-07-22 12:38:05'),
	('CRM_RESERVATION_2', 'CRM_SHOP_2', 'CRM_EMPLOYEE_2', 'COM_USER_11', 'CRM_ITEM_DESIGN_2', '신복기', '지나', '아놀드파마', '2016-07-22 12:38:33', '2016-07-22 12:38:33', '취소', '2016-07-22 12:38:33'),
	('CRM_RESERVATION_3', 'CRM_SHOP_3', 'CRM_EMPLOYEE_3', 'COM_USER_12', 'CRM_ITEM_DESIGN_3', '구아란', '듀로탄', '어른컷', '2016-07-22 12:39:11', '2016-07-22 12:39:11', '신청', '2016-07-22 12:39:11');
/*!40000 ALTER TABLE `CRM_RESERVATION_TB` ENABLE KEYS */;


# Dumping structure for table phoenixooo.CRM_SALARY_TB
CREATE TABLE IF NOT EXISTS `CRM_SALARY_TB` (
  `SALARY_CD` varchar(45) NOT NULL,
  `SHOP_CD` varchar(45) NOT NULL,
  `EMPLOYEE_CD` varchar(45) NOT NULL,
  `SALARY_PAY_DT` datetime NOT NULL,
  `SALARY_MONTH_DT` datetime NOT NULL,
  `EMPLOYEE_NM` varchar(45) NOT NULL,
  `SALARY_WON` int(11) NOT NULL,
  PRIMARY KEY (`SALARY_CD`)
) ENGINE=MyISAM DEFAULT CHARSET=utf8 COMMENT='급여지급';

# Dumping data for table phoenixooo.CRM_SALARY_TB: 3 rows
/*!40000 ALTER TABLE `CRM_SALARY_TB` DISABLE KEYS */;
INSERT INTO `CRM_SALARY_TB` (`SALARY_CD`, `SHOP_CD`, `EMPLOYEE_CD`, `SALARY_PAY_DT`, `SALARY_MONTH_DT`, `EMPLOYEE_NM`, `SALARY_WON`) VALUES
	('CRM_SALARY_1', 'CRM_SHOP_2', 'CRM_EMPLOYEE_2', '2016-07-22 14:02:18', '2016-07-22 14:02:18', '조엘', 1590000),
	('CRM_SALARY_2', 'CRM_SHOP_1', 'CRM_EMPLOYEE_3', '2016-07-22 14:03:02', '2016-07-22 14:03:02', '앤디', 1590000),
	('CRM_SALARY_3', 'CRM_SHOP_1', 'CRM_EMPLOYEE_2', '2016-07-22 14:03:25', '2016-07-22 14:03:25', '라디', 2500000);
/*!40000 ALTER TABLE `CRM_SALARY_TB` ENABLE KEYS */;


# Dumping structure for table phoenixooo.CRM_SHOP_TB
CREATE TABLE IF NOT EXISTS `CRM_SHOP_TB` (
  `SHOP_CD` varchar(45) NOT NULL,
  `USER_CD` varchar(45) NOT NULL,
  `SHOP_NM` varchar(45) NOT NULL,
  `SHOP_POST_NO` int(11) NOT NULL,
  `SHOP_ADDR` varchar(45) NOT NULL,
  `BUSINESS_NO` int(11) NOT NULL,
  `SHOP_JOIN_DT` datetime NOT NULL,
  `SHOP_MEMO` varchar(45) DEFAULT NULL,
  PRIMARY KEY (`SHOP_CD`)
) ENGINE=MyISAM DEFAULT CHARSET=utf8 COMMENT='미용실';

# Dumping data for table phoenixooo.CRM_SHOP_TB: 8 rows
/*!40000 ALTER TABLE `CRM_SHOP_TB` DISABLE KEYS */;
INSERT INTO `CRM_SHOP_TB` (`SHOP_CD`, `USER_CD`, `SHOP_NM`, `SHOP_POST_NO`, `SHOP_ADDR`, `BUSINESS_NO`, `SHOP_JOIN_DT`, `SHOP_MEMO`) VALUES
	('CRM_SHOP_1', 'COM_USER_1', '이수차헤어커커', 0, '서신동', 2147483647, '0000-00-00 00:00:01', ''),
	('CRM_SHOP_2', 'COM_USER_2', '박승철미용실', 0, '서곡지구', 2147483646, '0000-00-00 00:00:02', ''),
	('CRM_SHOP_3', 'COM_USER_3', '이철헤어커커', 0, '덕진동', 2147483645, '0000-00-00 00:00:03', ''),
	('CRM_SHOP_4', 'COM_USER_18', '차차차컷', 0, '효자동', 2147483647, '0000-00-00 00:00:00', NULL),
	('CRM_SHOP_5', 'COM_USER_19', '꽃보다복기헤어샵', 0, '삼천동', 2147483647, '0000-00-00 00:00:00', NULL),
	('CRM_SHOP_6', 'COM_USER_18', '디자이너강헤어', 0, '평화동', 2147483647, '0000-00-00 00:00:00', NULL),
	('CRM_SHOP_7', 'COM_USER_19', '이승주헤어', 0, '화곡동', 2147483647, '0000-00-00 00:00:00', NULL),
	('CRM_SHOP_8', 'COM_USER_26', '외출금지헤어', 0, '신정동', 0, '0000-00-00 00:00:00', NULL);
/*!40000 ALTER TABLE `CRM_SHOP_TB` ENABLE KEYS */;


# Dumping structure for table phoenixooo.home_comment
CREATE TABLE IF NOT EXISTS `home_comment` (
  `comment_no` int(10) NOT NULL AUTO_INCREMENT,
  `comment_writer` varchar(50) NOT NULL,
  `comment_pw` varchar(50) NOT NULL,
  `comment_content` text NOT NULL,
  `comment_date` datetime NOT NULL,
  PRIMARY KEY (`comment_no`)
) ENGINE=MyISAM AUTO_INCREMENT=14 DEFAULT CHARSET=utf8 COMMENT='for teacher';

# Dumping data for table phoenixooo.home_comment: 3 rows
/*!40000 ALTER TABLE `home_comment` DISABLE KEYS */;
INSERT INTO `home_comment` (`comment_no`, `comment_writer`, `comment_pw`, `comment_content`, `comment_date`) VALUES
	(1, '아란님', '1234', '어서오세요!', '2016-07-17 00:00:00'),
	(12, '이승주', '1234', '배경색이 산뜻하네요!', '2016-07-22 16:52:50'),
	(13, 'ㅋㅋㅋㅋ', '4657', '아란아 안녕 ㅎㅎㅎ 덥다....', '2016-07-25 18:36:13');
/*!40000 ALTER TABLE `home_comment` ENABLE KEYS */;


# Dumping structure for table phoenixooo.PAYMENT_TYPE_TB
IF NOT EXISTS ;

# Dumping data for table phoenixooo.PAYMENT_TYPE_TB: 2 rows
/*!40000 ALTER TABLE `PAYMENT_TYPE_TB` DISABLE KEYS */;
/*!40101 SET SQL_MODE=@OLD_SQL_MODE */;
/*!40014 SET FOREIGN_KEY_CHECKS=@OLD_FOREIGN_KEY_CHECKS */;
/*!40101 SET CHARACTER_SET_CLIENT=@OLD_CHARACTER_SET_CLIENT */;
